run_timestamp,repo_id,full_name,html_url,description,stargazers_count,forks_count,open_issues_count,language,created_at,updated_at
2026-04-08T20:46:06.958013+00:00,63476337,TheAlgorithms/Python,https://github.com/TheAlgorithms/Python,All Algorithms implemented in Python,219411,50314,915,Python,2016-07-16T09:44:01Z,2026-04-08T20:22:21Z
2026-04-08T20:46:06.958013+00:00,38389012,charlax/python-education,https://github.com/charlax/python-education,Reading list for ramping up with professional Python,922,111,0,Python,2015-07-01T18:52:16Z,2026-04-05T08:03:27Z
2026-04-08T20:46:06.958013+00:00,5362372,grantjenks/free-python-games,https://github.com/grantjenks/free-python-games,Free Python Games,3953,1512,46,Python,2012-08-09T22:54:44Z,2026-04-08T04:09:10Z
2026-04-08T20:46:06.958013+00:00,65908245,quobit/awesome-python-in-education,https://github.com/quobit/awesome-python-in-education,A curated list about Python in Education :snake: :mortar_board:,904,156,0,,2016-08-17T13:06:16Z,2026-03-23T13:42:02Z
2026-04-08T20:46:06.958013+00:00,75435712,tecladocode/rest-apis-flask-python,https://github.com/tecladocode/rest-apis-flask-python,"Projects and e-book for our course, REST APIs with Flask and Python",1502,1534,6,Python,2016-12-02T22:26:17Z,2026-04-06T14:59:09Z
2026-04-08T20:46:06.958013+00:00,157509583,mahmoud/awesome-python-applications,https://github.com/mahmoud/awesome-python-applications,"💿 Free software that works great, and also happens to be open-source Python. ",17806,2730,54,Jupyter Notebook,2018-11-14T07:36:44Z,2026-04-08T20:45:37Z
2026-04-08T20:46:06.958013+00:00,116672811,Chalarangelo/30-seconds-of-python,https://github.com/Chalarangelo/30-seconds-of-python,Short Python code snippets for all your development needs,8836,1254,2,Python,2018-01-08T12:17:16Z,2026-04-05T16:26:07Z
2026-04-08T20:46:06.958013+00:00,825170168,kongruksiamza/ebook-for-education,https://github.com/kongruksiamza/ebook-for-education,แจกเอกสารประกอบการสอนเพื่อการศึกษา,736,208,0,,2024-07-07T02:10:06Z,2026-04-08T02:57:39Z
2026-04-08T20:46:06.958013+00:00,46810954,PlasmaPy/PlasmaPy,https://github.com/PlasmaPy/PlasmaPy,An open source Python package for plasma research and education,668,355,363,Python,2015-11-24T18:36:24Z,2026-04-07T19:03:21Z
2026-04-08T20:46:06.958013+00:00,40687563,oppia/oppia,https://github.com/oppia/oppia,"A free, online learning platform to make quality education accessible for all.",6649,5567,1685,Python,2015-08-14T00:16:14Z,2026-04-08T15:11:15Z
2026-04-08T20:46:06.958013+00:00,217901987,tough-dev-school/education-backend,https://github.com/tough-dev-school/education-backend,Django-based backend for our learning management system,466,79,24,Python,2019-10-27T19:01:23Z,2026-04-08T20:46:06Z
2026-04-08T20:46:06.958013+00:00,196753,PythonTurtle/PythonTurtle,https://github.com/PythonTurtle/PythonTurtle,"A learning environment for Python suited for beginners and children, inspired by Logo.",439,110,39,Python,2009-05-09T19:33:29Z,2026-03-22T02:14:31Z
2026-04-08T20:46:06.958013+00:00,89980809,wwj718/awesome-python-in-education-zh,https://github.com/wwj718/awesome-python-in-education-zh,Python在教育方面的资源列表,184,44,0,,2017-05-02T01:58:34Z,2026-04-01T01:04:30Z
2026-04-08T20:46:06.958013+00:00,47607357,mu-editor/mu,https://github.com/mu-editor/mu,"A small, simple editor for beginner Python programmers. Written in Python and Qt5.",1506,462,393,Python,2015-12-08T07:56:02Z,2026-04-04T16:38:02Z
2026-04-08T20:46:06.958013+00:00,231656051,alexmojaki/futurecoder,https://github.com/alexmojaki/futurecoder,100% free and interactive Python course for beginners,1477,170,72,Python,2020-01-03T19:59:26Z,2026-03-31T06:47:39Z
2026-04-08T20:46:06.958013+00:00,338637216,stypr/clubhouse-py,https://github.com/stypr/clubhouse-py,Clubhouse API written in Python. Standalone client included. For reference and education purposes only.,1657,282,0,Python,2021-02-13T18:08:16Z,2026-03-17T05:03:10Z
2026-04-08T20:46:06.958013+00:00,43696115,JetBrains/educational-plugin,https://github.com/JetBrains/educational-plugin,"Educational plugin to learn and teach programming languages such as Kotlin, Java, Python, JavaScript, and others right inside of JetBrains IntelliJ Platform based IDEs.",175,59,3,Kotlin,2015-10-05T15:54:52Z,2026-04-08T11:59:13Z
2026-04-08T20:46:06.958013+00:00,22622192,psi4/psi4numpy,https://github.com/psi4/psi4numpy,Combining Psi4 and Numpy for education and development.,389,170,20,Jupyter Notebook,2014-08-04T22:30:47Z,2026-04-07T19:46:49Z
2026-04-08T20:46:06.958013+00:00,293676504,psf/python-in-edu,https://github.com/psf/python-in-edu,website for educational python resources,44,31,44,Python,2020-09-08T02:08:18Z,2026-01-16T08:39:04Z
2026-04-08T20:46:06.958013+00:00,334947231,SudePehlivanoglu/python-education-v2,https://github.com/SudePehlivanoglu/python-education-v2,,0,162,0,,2021-02-01T12:45:15Z,2023-05-23T14:00:10Z
2026-04-08T20:46:06.958013+00:00,182763721,dmitryrubtsov/Python-for-Data-Science,https://github.com/dmitryrubtsov/Python-for-Data-Science,Education,8,30,0,Jupyter Notebook,2019-04-22T11:07:25Z,2023-01-28T18:10:20Z
2026-04-08T20:46:06.958013+00:00,544107755,ratnesh-maurya/Educational-Tech-Exploration,https://github.com/ratnesh-maurya/Educational-Tech-Exploration,"This repository is a treasure trove of educational resources designed to empower students and technology enthusiasts to embark on a journey of learning and discovery. Whether you're a novice eager to grasp the basics or an experienced explorer seeking to expand your knowledge, this repository offers a wide range of educational materials to help you",37,188,7,Java,2022-10-01T17:05:04Z,2025-12-09T04:50:05Z
2026-04-08T20:46:06.958013+00:00,98949964,cdeweyx/hitchhikers-guide-machine-learning,https://github.com/cdeweyx/hitchhikers-guide-machine-learning,Guide explaining and implementing fundamental machine learning algorithms in Python,173,108,2,Jupyter Notebook,2017-08-01T02:23:04Z,2026-03-30T20:55:50Z
2026-04-08T20:46:06.958013+00:00,163443345,jadijadi/educational_python_scripts,https://github.com/jadijadi/educational_python_scripts,Some small sctipts I use while teaching python,74,15,3,Python,2018-12-28T19:33:22Z,2026-03-26T07:47:34Z
2026-04-08T20:46:06.958013+00:00,201521670,MayankFawkes/Python-Botnet,https://github.com/MayankFawkes/Python-Botnet,This is a simple DDoS python botnet script with remote monitoring & management with backdoor built-in for education purposes.,298,64,7,Python,2019-08-09T18:33:21Z,2026-04-05T21:43:10Z
2026-04-08T20:46:06.958013+00:00,501055406,octallium/modern-python-101,https://github.com/octallium/modern-python-101,Modern Python 101 - Thinking In Types,335,148,1,Python,2022-06-08T01:14:48Z,2026-01-20T05:42:03Z
2026-04-08T20:46:06.958013+00:00,239715918,needleworm/bhban_rpa,https://github.com/needleworm/bhban_rpa,"<6개월 치 업무를 하루 만에 끝내는 업무 자동화(생능출판사, 2020)>의 예제 코드입니다. 파이썬을 한 번도 배워본 적 없는 분들을 위한 예제이며, 엑셀부터 디자인, 매크로, 크롤링까지 업무 자동화와 관련된 다양한 분야 예제가 제공됩니다.",1146,1129,2,Python,2020-02-11T08:49:41Z,2026-04-08T01:19:50Z
2026-04-08T20:46:06.958013+00:00,122837644,lordmauve/pgzero,https://github.com/lordmauve/pgzero,"A zero-boilerplate games programming framework for Python 3, based on Pygame.",601,208,134,Python,2018-02-25T13:16:02Z,2026-04-07T07:53:47Z
2026-04-08T20:46:06.958013+00:00,39996518,jarvisteach/appJar,https://github.com/jarvisteach/appJar,Simple Tkinter GUIs in Python,615,68,102,Python,2015-07-31T08:59:20Z,2026-04-06T12:26:09Z
2026-04-08T20:46:06.958013+00:00,1738251,ASPP/pelita,https://github.com/ASPP/pelita,Actor-based Toolkit for Interactive Language Education in Python,69,70,58,Python,2011-05-12T12:52:12Z,2026-03-30T15:59:25Z
2026-04-08T20:46:06.958013+00:00,1167201504,Brave88888/financial_education_app,https://github.com/Brave88888/financial_education_app,金融应用Python编程教学范例,38,33,3,Python,2026-02-26T03:29:38Z,2026-03-23T05:27:27Z
2026-04-08T20:46:06.958013+00:00,168937263,roberto-arista/PythonForDesigners,https://github.com/roberto-arista/PythonForDesigners,An introductory manual to Python3 and DrawBot built with Lektor,118,29,0,Python,2019-02-03T11:17:51Z,2026-03-29T14:40:20Z
2026-04-08T20:46:06.958013+00:00,343965132,microsoft/ML-For-Beginners,https://github.com/microsoft/ML-For-Beginners,"12 weeks, 26 lessons, 52 quizzes, classic Machine Learning for all",85059,20509,9,Jupyter Notebook,2021-03-03T01:34:05Z,2026-04-08T20:41:18Z
2026-04-08T20:46:06.958013+00:00,145854284,geo-python/site,https://github.com/geo-python/site,"Course materials for the Geo-Python course at the University of Helsinki, Finland",267,366,9,Jupyter Notebook,2018-08-23T13:02:04Z,2026-02-19T11:48:02Z
2026-04-08T20:46:06.958013+00:00,357608229,ryusuke920/kyopro_educational_90_python,https://github.com/ryusuke920/kyopro_educational_90_python,E869120さんが作成して下さっている 2021/3/30 ～ 2021/7/12 に行われた企画「競プロ典型 90 問」をPythonで書いたコードをアップロードしています。 ,90,10,0,Python,2021-04-13T15:49:16Z,2026-02-24T13:11:09Z
2026-04-08T20:46:06.958013+00:00,20192341,swl10/pyslet,https://github.com/swl10/pyslet,Python for Standards in Learning Education & Training,76,31,29,Python,2014-05-26T16:37:45Z,2025-11-15T13:32:19Z
2026-04-08T20:46:06.958013+00:00,768394045,ANG13T/python-for-aerospace,https://github.com/ANG13T/python-for-aerospace,Notebook Companion for the Python for Aerospace Course 🐍🚀✨,229,106,2,Jupyter Notebook,2024-03-07T02:03:37Z,2026-04-07T13:34:04Z
2026-04-08T20:46:06.958013+00:00,122149160,earthlab/earthpy,https://github.com/earthlab/earthpy,A package built to support working with spatial data using open source python,534,165,44,Python,2018-02-20T03:02:42Z,2026-04-06T23:23:23Z
2026-04-08T20:46:06.958013+00:00,561730219,krahets/hello-algo,https://github.com/krahets/hello-algo,"《Hello 算法》：动画图解、一键运行的数据结构与算法教程。支持简中、繁中、English、日本語，提供 Python, Java, C++, C, C#, JS, Go, Swift, Rust, Ruby, Kotlin, TS, Dart 等代码实现",124936,15027,31,Java,2022-11-04T11:08:34Z,2026-04-08T19:28:03Z
2026-04-08T20:46:06.958013+00:00,30841308,AcademicsToday/academicstoday-django,https://github.com/AcademicsToday/academicstoday-django,A open-source platform for online course-based learning and education.,223,94,27,Python,2015-02-15T20:42:28Z,2026-03-13T20:09:30Z
2026-04-08T20:46:06.958013+00:00,779731800,hyugogirubato/KeyDive,https://github.com/hyugogirubato/KeyDive,"Extract Widevine L3 keys from Android devices effortlessly, spanning multiple Android versions for DRM research and education.",887,140,0,Python,2024-03-30T16:16:12Z,2026-04-08T20:37:29Z
2026-04-08T20:46:06.958013+00:00,228787396,hsayama/PyCX,https://github.com/hsayama/PyCX,PyCX is a Python-based sample code repository for complex systems research and education.,251,86,0,Python,2019-12-18T07:54:03Z,2026-03-29T19:11:50Z
2026-04-08T20:46:06.958013+00:00,116535984,chenguanyou/education,https://github.com/chenguanyou/education,🌶使用Python的web框架Django进行开发的一个在线教育系统！,35,12,2,Python,2018-01-07T04:02:21Z,2026-03-11T05:27:13Z
2026-04-08T20:46:06.958013+00:00,226863521,hedyorg/hedy,https://github.com/hedyorg/hedy,"Hedy is a gradual programming language to teach children programming. Gradual languages use different language levels, where each level adds new concepts and syntactic complexity. At the end of the Hedy level sequence, kids master a subset of syntactically valid Python.",1624,330,143,CSS,2019-12-09T12:15:29Z,2026-04-07T21:27:43Z
2026-04-08T20:46:06.958013+00:00,356854219,prathimacode-hub/Awesome_Python_Scripts,https://github.com/prathimacode-hub/Awesome_Python_Scripts,🚀 Curated collection of Awesome Python Scripts which will make you go wow. Dive into this world of 360+ scripts. Feel free to contribute. Show your support by ✨this repository.,403,268,60,Jupyter Notebook,2021-04-11T11:53:51Z,2026-04-08T16:50:01Z
2026-04-08T20:46:06.958013+00:00,42439862,gpiozero/gpiozero,https://github.com/gpiozero/gpiozero,A simple interface to GPIO devices with Raspberry Pi,2108,318,193,Python,2015-09-14T09:36:03Z,2026-04-03T23:31:11Z
2026-04-08T20:46:06.958013+00:00,95196793,YaoyaoBae/Feon,https://github.com/YaoyaoBae/Feon,"Feon is a python-based finite element analysis (FEA,FEM) framework for education and research purpose!",255,81,3,Python,2017-06-23T07:50:42Z,2026-03-22T18:15:23Z
2026-04-08T20:46:06.958013+00:00,416138360,bcalou/tp-python-doomsday-rule,https://github.com/bcalou/tp-python-doomsday-rule,For education purposes,0,37,13,Python,2021-10-12T01:17:24Z,2022-09-20T14:39:43Z
2026-04-08T20:46:06.958013+00:00,199736720,carpentries-incubator/geospatial-python,https://github.com/carpentries-incubator/geospatial-python,Introduction to Geospatial Raster and Vector Data with Python,159,57,4,,2019-07-30T22:31:22Z,2026-03-17T14:25:19Z
2026-04-08T20:46:06.958013+00:00,584317841,arun-arunisto/Python-Education,https://github.com/arun-arunisto/Python-Education,,17,9,0,Jupyter Notebook,2023-01-02T08:06:16Z,2026-03-11T07:33:27Z
2026-04-08T20:46:06.958013+00:00,917278000,marimo-team/learn,https://github.com/marimo-team/learn,📚 A curated collection of marimo notebooks for education.,302,43,34,Python,2025-01-15T17:29:37Z,2026-04-07T11:54:21Z
2026-04-08T20:46:06.958013+00:00,63787233,rmariano/Clean-code-in-Python,https://github.com/rmariano/Clean-code-in-Python,"Resources for the book Clean code in Python, and material for the talk at EuroPython 2016",161,33,13,Python,2016-07-20T14:17:05Z,2026-02-18T20:16:47Z
2026-04-08T20:46:06.958013+00:00,107487617,yhyu13/AlphaGOZero-python-tensorflow,https://github.com/yhyu13/AlphaGOZero-python-tensorflow,Congratulation to DeepMind! This is a reengineering implementation (on behalf of many other git repo in /support/) of DeepMind's Oct19th publication: [Mastering the Game of Go without Human Knowledge]. The supervised learning approach is more practical for individuals. (This repository has single purpose of education only),343,116,9,Python,2017-10-19T02:23:13Z,2026-03-16T03:26:26Z
2026-04-08T20:46:06.958013+00:00,764102710,bakrianoo/mini-rag,https://github.com/bakrianoo/mini-rag,An Educational Project (step by step) to teach how to build a production-ready app for RAG application.,567,226,5,Python,2024-02-27T13:39:48Z,2026-04-08T18:49:52Z
2026-04-08T20:46:06.958013+00:00,537207858,VK-Education-QA-Python/education-vk-python-2022,https://github.com/VK-Education-QA-Python/education-vk-python-2022,Test Automation on Python Course (VK education),12,13,0,Python,2022-09-15T21:11:49Z,2026-01-29T15:25:42Z
2026-04-08T20:46:06.958013+00:00,177093384,dmitryrubtsov/Python.Basic-course,https://github.com/dmitryrubtsov/Python.Basic-course,Education,3,14,0,Python,2019-03-22T07:35:37Z,2023-01-28T18:32:35Z
2026-04-08T20:46:06.958013+00:00,716439063,aicademyorg/AIcademy,https://github.com/aicademyorg/AIcademy,A friendly community offering free AI education.,309,33,0,TypeScript,2023-11-09T06:17:51Z,2026-02-21T05:07:38Z
2026-04-08T20:46:06.958013+00:00,12199716,livewires/python,https://github.com/livewires/python,Package for use with the LiveWires Python Course.,12,9,4,TeX,2013-08-18T18:31:33Z,2024-03-25T14:19:42Z
2026-04-08T20:46:06.958013+00:00,68294289,agilescientific/xlines,https://github.com/agilescientific/xlines,X lines of Python,117,59,0,Jupyter Notebook,2016-09-15T13:01:27Z,2026-02-09T12:19:39Z
2026-04-08T20:46:06.958013+00:00,73851042,ucfopen/canvasapi,https://github.com/ucfopen/canvasapi,"Python API wrapper for Instructure's Canvas LMS. Easily manage courses, users, gradebooks, and more.",652,188,81,Python,2016-11-15T20:09:41Z,2026-04-07T14:17:15Z
2026-04-08T20:46:06.958013+00:00,262219112,Rishit-dagli/Python3-by-practice,https://github.com/Rishit-dagli/Python3-by-practice,A repo to learn Python programming,59,41,2,Jupyter Notebook,2020-05-08T03:36:15Z,2026-01-11T02:32:05Z
2026-04-08T20:46:06.958013+00:00,162045773,alexdlaird/pyngrok,https://github.com/alexdlaird/pyngrok,A Python wrapper for ngrok,462,59,2,Python,2018-12-16T22:12:33Z,2026-04-01T14:45:01Z
2026-04-08T20:46:06.958013+00:00,372198304,Synthaze/EpyNN,https://github.com/Synthaze/EpyNN,Educational python for Neural Networks.,128,13,0,Python,2021-05-30T11:37:05Z,2024-09-19T15:56:40Z
2026-04-08T20:46:06.958013+00:00,186043715,MTrajK/coding-problems,https://github.com/MTrajK/coding-problems,Solutions for various coding/algorithmic problems and many useful resources for learning algorithms and data structures,3371,636,0,Python,2019-05-10T19:29:20Z,2026-04-07T18:53:27Z
2026-04-08T20:46:06.958013+00:00,336385657,microbit-foundation/python-editor-v3,https://github.com/microbit-foundation/python-editor-v3,Micro:bit Educational Foundation Python Editor V3,75,41,108,TypeScript,2021-02-05T20:48:16Z,2026-03-19T02:55:38Z
2026-04-08T20:46:06.958013+00:00,189982674,chatox/data-mining-course,https://github.com/chatox/data-mining-course,An undergraduate course on data mining.,68,30,0,Jupyter Notebook,2019-06-03T10:15:58Z,2026-03-01T22:02:27Z
2026-04-08T20:46:06.958013+00:00,973704726,n84d/SharpEducation,https://github.com/n84d/SharpEducation,How to build and test complete trading strategies in Python. Full code walkthroughs posted on the Sharp Research education page,51,10,1,Jupyter Notebook,2025-04-27T15:08:31Z,2026-04-07T00:11:31Z
2026-04-08T20:46:06.958013+00:00,199054276,invent-framework/invent,https://github.com/invent-framework/invent,Express yourself with code: a simple app framework in Python.,126,18,47,Python,2019-07-26T17:15:43Z,2026-04-08T05:30:40Z
2026-04-08T20:46:06.958013+00:00,363226569,DIG-Kaust/Seismology,https://github.com/DIG-Kaust/Seismology,Teaching material for ErSE 210 Seismology course,134,40,0,Jupyter Notebook,2021-04-30T18:29:11Z,2026-03-26T13:31:52Z
2026-04-08T20:46:06.958013+00:00,107120280,dltpdn/opencv-python_edu,https://github.com/dltpdn/opencv-python_edu,For education about Opencv-Python,26,7,1,Python,2017-10-16T11:48:14Z,2026-03-26T06:18:53Z
2026-04-08T20:46:06.958013+00:00,152965519,MindSetLib/MS-Education,https://github.com/MindSetLib/MS-Education,Usefull python code usage,20,7,0,Jupyter Notebook,2018-10-14T11:10:58Z,2025-04-21T07:57:00Z
2026-04-08T20:46:06.958013+00:00,867240346,gisbi-kim/nano-pgo,https://github.com/gisbi-kim/nano-pgo,"For an education purpose, from-scratch, single-file, python-only pose-graph optimization implementation",297,23,2,Python,2024-10-03T17:35:40Z,2026-03-26T04:51:28Z
2026-04-08T20:46:06.958013+00:00,557450291,pro1code1hack/Your-Journey-To-Fluent-Python,https://github.com/pro1code1hack/Your-Journey-To-Fluent-Python,Your Journey To Fluent Python,1206,89,18,Python,2022-10-25T17:59:21Z,2026-03-28T17:59:28Z
2026-04-08T20:46:06.958013+00:00,145931390,labplus-cn/mpython,https://github.com/labplus-cn/mpython,mpython掌控板文档和固件源码,138,59,5,C,2018-08-24T02:22:55Z,2026-03-21T16:44:09Z
2026-04-08T20:46:06.958013+00:00,124286364,Jflick58/TeachPythonWithMinecraft,https://github.com/Jflick58/TeachPythonWithMinecraft,Teaching Python programming and concepts using the Python Minecraft API for the Raspberry Pi version of Minecraft. ,57,33,1,Python,2018-03-07T19:48:34Z,2026-01-21T13:01:53Z
2026-04-08T20:46:06.958013+00:00,239355711,ankraft/ACME-oneM2M-CSE,https://github.com/ankraft/ACME-oneM2M-CSE,An open source CSE Middleware for Education.,30,22,1,Python,2020-02-09T18:47:58Z,2026-04-01T10:52:02Z
2026-04-08T20:46:06.958013+00:00,268670466,cpinitiative/usaco-guide,https://github.com/cpinitiative/usaco-guide,"A free collection of curated, high-quality resources to take you from Bronze to Platinum and beyond.",1790,621,85,MDX,2020-06-02T01:18:56Z,2026-04-07T20:37:07Z
2026-04-08T20:46:06.958013+00:00,122724141,hack4impact-uiuc/flask-exercise,https://github.com/hack4impact-uiuc/flask-exercise,"A hands on, step by step tutorial to learn flask/python",27,66,10,Python,2018-02-24T09:17:54Z,2025-12-09T13:24:40Z
2026-04-08T20:46:06.958013+00:00,325733352,benjie-git/CardStock,https://github.com/benjie-git/CardStock,"CardStock is a cross-platform tool for quickly and easily building programs. It provides a drawing-program-like editor for visually laying out your programs' parts, and a code editor for adding event-driven python code.",284,9,7,Python,2020-12-31T06:37:15Z,2026-03-28T02:27:50Z
2026-04-08T20:46:06.958013+00:00,282982863,replit/replit-py,https://github.com/replit/replit-py,A helpful Python package that helps you build excellent things inside Repls! 💻,183,70,2,Python,2020-07-27T18:30:21Z,2026-04-08T13:18:44Z
2026-04-08T20:46:06.958013+00:00,171972072,codepost-io/codepost-python,https://github.com/codepost-io/codepost-python,Provides a convenient Python interface to the codePost API. Start scripting!,59,6,12,Python,2019-02-22T01:22:06Z,2026-03-17T04:39:01Z
2026-04-08T20:46:06.958013+00:00,9817898,openeducat/openeducat_erp,https://github.com/openeducat/openeducat_erp,Comprehensive Open Source ERP for Educational Institutes,800,743,0,HTML,2013-05-02T17:02:54Z,2026-04-08T11:58:43Z
2026-04-08T20:46:06.958013+00:00,95708373,TEALSK12/2nd-semester-introduction-to-computer-science,https://github.com/TEALSK12/2nd-semester-introduction-to-computer-science,2nd semester Python follow-up to the TEALS Intro CS course,54,76,90,Python,2017-06-28T20:20:57Z,2025-12-04T09:49:01Z
2026-04-08T20:46:06.958013+00:00,22318160,jsommers/switchyard,https://github.com/jsommers/switchyard,Switchyard is a Python 3-based framework for building networked system software.,42,42,5,Python,2014-07-27T18:18:14Z,2026-03-18T19:22:36Z
2026-04-08T20:46:06.958013+00:00,219287525,sepandhaghighi/python-questions,https://github.com/sepandhaghighi/python-questions,نمونه سوال های برنامه نویسی پایتون,84,13,0,,2019-11-03T11:03:23Z,2026-02-06T12:03:39Z
2026-04-08T20:46:06.958013+00:00,595171518,FiammettaC/Chemical-Reaction-Engineering-in-Python,https://github.com/FiammettaC/Chemical-Reaction-Engineering-in-Python,"This repository contains a practical course designed for chemical engineers that want to learn how to solve exercises and program in Python. The course will cover various topics, such as basic Python syntax, data structures, solving ODEs, stoichiometry, data visualization and basic data analysis.",86,20,0,Jupyter Notebook,2023-01-30T14:47:31Z,2026-03-30T12:42:05Z
2026-04-08T20:46:06.958013+00:00,401467851,CHCAA-EDUX/Scientific-Computing-Workshop,https://github.com/CHCAA-EDUX/Scientific-Computing-Workshop,A three-day introduciton to scientific computing with Python.,8,29,10,Jupyter Notebook,2021-08-30T19:49:33Z,2023-11-15T09:33:27Z
2026-04-08T20:46:06.958013+00:00,338984146,frappe/lms,https://github.com/frappe/lms,"Easy to Use, 100% Open Source Learning Management System",2782,1213,67,Vue,2021-02-15T06:14:17Z,2026-04-08T14:40:56Z
2026-04-08T20:46:06.958013+00:00,105942605,tbhaxor/educational_projects,https://github.com/tbhaxor/educational_projects,A curated repository for minor and major projects alloted in schools and colleges,29,13,2,JavaScript,2017-10-05T21:31:59Z,2026-04-07T07:25:58Z
2026-04-08T20:46:06.958013+00:00,343737175,felipenmartins/Robotics-Simulation-Labs,https://github.com/felipenmartins/Robotics-Simulation-Labs,Set of tutorials to practice robotics concepts with Webots and Python,175,36,0,Python,2021-03-02T10:37:59Z,2026-03-29T07:35:58Z
2026-04-08T21:24:17.964797+00:00,63476337,TheAlgorithms/Python,https://github.com/TheAlgorithms/Python,All Algorithms implemented in Python,219412,50314,915,Python,2016-07-16T09:44:01Z,2026-04-08T20:56:25Z
2026-04-08T21:24:17.964797+00:00,38389012,charlax/python-education,https://github.com/charlax/python-education,Reading list for ramping up with professional Python,922,111,0,Python,2015-07-01T18:52:16Z,2026-04-05T08:03:27Z
2026-04-08T21:24:17.964797+00:00,5362372,grantjenks/free-python-games,https://github.com/grantjenks/free-python-games,Free Python Games,3953,1512,46,Python,2012-08-09T22:54:44Z,2026-04-08T04:09:10Z
2026-04-08T21:24:17.964797+00:00,65908245,quobit/awesome-python-in-education,https://github.com/quobit/awesome-python-in-education,A curated list about Python in Education :snake: :mortar_board:,904,156,0,,2016-08-17T13:06:16Z,2026-03-23T13:42:02Z
2026-04-08T21:24:17.964797+00:00,75435712,tecladocode/rest-apis-flask-python,https://github.com/tecladocode/rest-apis-flask-python,"Projects and e-book for our course, REST APIs with Flask and Python",1502,1534,6,Python,2016-12-02T22:26:17Z,2026-04-06T14:59:09Z
2026-04-08T21:24:17.964797+00:00,157509583,mahmoud/awesome-python-applications,https://github.com/mahmoud/awesome-python-applications,"💿 Free software that works great, and also happens to be open-source Python. ",17806,2730,54,Jupyter Notebook,2018-11-14T07:36:44Z,2026-04-08T20:45:37Z
2026-04-08T21:24:17.964797+00:00,116672811,Chalarangelo/30-seconds-of-python,https://github.com/Chalarangelo/30-seconds-of-python,Short Python code snippets for all your development needs,8836,1254,2,Python,2018-01-08T12:17:16Z,2026-04-05T16:26:07Z
2026-04-08T21:24:17.964797+00:00,825170168,kongruksiamza/ebook-for-education,https://github.com/kongruksiamza/ebook-for-education,แจกเอกสารประกอบการสอนเพื่อการศึกษา,736,208,0,,2024-07-07T02:10:06Z,2026-04-08T02:57:39Z
2026-04-08T21:24:17.964797+00:00,46810954,PlasmaPy/PlasmaPy,https://github.com/PlasmaPy/PlasmaPy,An open source Python package for plasma research and education,668,355,363,Python,2015-11-24T18:36:24Z,2026-04-07T19:03:21Z
2026-04-08T21:24:17.964797+00:00,40687563,oppia/oppia,https://github.com/oppia/oppia,"A free, online learning platform to make quality education accessible for all.",6649,5567,1683,Python,2015-08-14T00:16:14Z,2026-04-08T20:51:01Z
2026-04-08T21:24:17.964797+00:00,217901987,tough-dev-school/education-backend,https://github.com/tough-dev-school/education-backend,Django-based backend for our learning management system,466,79,22,Python,2019-10-27T19:01:23Z,2026-04-08T20:53:39Z
2026-04-08T21:24:17.964797+00:00,196753,PythonTurtle/PythonTurtle,https://github.com/PythonTurtle/PythonTurtle,"A learning environment for Python suited for beginners and children, inspired by Logo.",439,110,39,Python,2009-05-09T19:33:29Z,2026-03-22T02:14:31Z
2026-04-08T21:24:17.964797+00:00,89980809,wwj718/awesome-python-in-education-zh,https://github.com/wwj718/awesome-python-in-education-zh,Python在教育方面的资源列表,184,44,0,,2017-05-02T01:58:34Z,2026-04-01T01:04:30Z
2026-04-08T21:24:17.964797+00:00,47607357,mu-editor/mu,https://github.com/mu-editor/mu,"A small, simple editor for beginner Python programmers. Written in Python and Qt5.",1506,462,393,Python,2015-12-08T07:56:02Z,2026-04-04T16:38:02Z
2026-04-08T21:24:17.964797+00:00,231656051,alexmojaki/futurecoder,https://github.com/alexmojaki/futurecoder,100% free and interactive Python course for beginners,1477,170,72,Python,2020-01-03T19:59:26Z,2026-03-31T06:47:39Z
2026-04-08T21:24:17.964797+00:00,338637216,stypr/clubhouse-py,https://github.com/stypr/clubhouse-py,Clubhouse API written in Python. Standalone client included. For reference and education purposes only.,1657,282,0,Python,2021-02-13T18:08:16Z,2026-03-17T05:03:10Z
2026-04-08T21:24:17.964797+00:00,43696115,JetBrains/educational-plugin,https://github.com/JetBrains/educational-plugin,"Educational plugin to learn and teach programming languages such as Kotlin, Java, Python, JavaScript, and others right inside of JetBrains IntelliJ Platform based IDEs.",175,59,3,Kotlin,2015-10-05T15:54:52Z,2026-04-08T11:59:13Z
2026-04-08T21:24:17.964797+00:00,22622192,psi4/psi4numpy,https://github.com/psi4/psi4numpy,Combining Psi4 and Numpy for education and development.,389,170,20,Jupyter Notebook,2014-08-04T22:30:47Z,2026-04-07T19:46:49Z
2026-04-08T21:24:17.964797+00:00,293676504,psf/python-in-edu,https://github.com/psf/python-in-edu,website for educational python resources,44,31,44,Python,2020-09-08T02:08:18Z,2026-01-16T08:39:04Z
2026-04-08T21:24:17.964797+00:00,334947231,SudePehlivanoglu/python-education-v2,https://github.com/SudePehlivanoglu/python-education-v2,,0,162,0,,2021-02-01T12:45:15Z,2023-05-23T14:00:10Z
2026-04-08T21:24:17.964797+00:00,182763721,dmitryrubtsov/Python-for-Data-Science,https://github.com/dmitryrubtsov/Python-for-Data-Science,Education,8,30,0,Jupyter Notebook,2019-04-22T11:07:25Z,2023-01-28T18:10:20Z
2026-04-08T21:24:17.964797+00:00,544107755,ratnesh-maurya/Educational-Tech-Exploration,https://github.com/ratnesh-maurya/Educational-Tech-Exploration,"This repository is a treasure trove of educational resources designed to empower students and technology enthusiasts to embark on a journey of learning and discovery. Whether you're a novice eager to grasp the basics or an experienced explorer seeking to expand your knowledge, this repository offers a wide range of educational materials to help you",37,188,7,Java,2022-10-01T17:05:04Z,2025-12-09T04:50:05Z
2026-04-08T21:24:17.964797+00:00,98949964,cdeweyx/hitchhikers-guide-machine-learning,https://github.com/cdeweyx/hitchhikers-guide-machine-learning,Guide explaining and implementing fundamental machine learning algorithms in Python,173,108,2,Jupyter Notebook,2017-08-01T02:23:04Z,2026-03-30T20:55:50Z
2026-04-08T21:24:17.964797+00:00,163443345,jadijadi/educational_python_scripts,https://github.com/jadijadi/educational_python_scripts,Some small sctipts I use while teaching python,74,15,3,Python,2018-12-28T19:33:22Z,2026-03-26T07:47:34Z
2026-04-08T21:24:17.964797+00:00,201521670,MayankFawkes/Python-Botnet,https://github.com/MayankFawkes/Python-Botnet,This is a simple DDoS python botnet script with remote monitoring & management with backdoor built-in for education purposes.,298,64,7,Python,2019-08-09T18:33:21Z,2026-04-05T21:43:10Z
2026-04-08T21:24:17.964797+00:00,501055406,octallium/modern-python-101,https://github.com/octallium/modern-python-101,Modern Python 101 - Thinking In Types,335,148,1,Python,2022-06-08T01:14:48Z,2026-01-20T05:42:03Z
2026-04-08T21:24:17.964797+00:00,239715918,needleworm/bhban_rpa,https://github.com/needleworm/bhban_rpa,"<6개월 치 업무를 하루 만에 끝내는 업무 자동화(생능출판사, 2020)>의 예제 코드입니다. 파이썬을 한 번도 배워본 적 없는 분들을 위한 예제이며, 엑셀부터 디자인, 매크로, 크롤링까지 업무 자동화와 관련된 다양한 분야 예제가 제공됩니다.",1146,1129,2,Python,2020-02-11T08:49:41Z,2026-04-08T01:19:50Z
2026-04-08T21:24:17.964797+00:00,122837644,lordmauve/pgzero,https://github.com/lordmauve/pgzero,"A zero-boilerplate games programming framework for Python 3, based on Pygame.",601,208,134,Python,2018-02-25T13:16:02Z,2026-04-07T07:53:47Z
2026-04-08T21:24:17.964797+00:00,39996518,jarvisteach/appJar,https://github.com/jarvisteach/appJar,Simple Tkinter GUIs in Python,615,68,102,Python,2015-07-31T08:59:20Z,2026-04-06T12:26:09Z
2026-04-08T21:24:17.964797+00:00,1738251,ASPP/pelita,https://github.com/ASPP/pelita,Actor-based Toolkit for Interactive Language Education in Python,69,70,58,Python,2011-05-12T12:52:12Z,2026-03-30T15:59:25Z
2026-04-08T21:24:17.964797+00:00,1167201504,Brave88888/financial_education_app,https://github.com/Brave88888/financial_education_app,金融应用Python编程教学范例,38,33,3,Python,2026-02-26T03:29:38Z,2026-03-23T05:27:27Z
2026-04-08T21:24:17.964797+00:00,168937263,roberto-arista/PythonForDesigners,https://github.com/roberto-arista/PythonForDesigners,An introductory manual to Python3 and DrawBot built with Lektor,118,29,0,Python,2019-02-03T11:17:51Z,2026-03-29T14:40:20Z
2026-04-08T21:24:17.964797+00:00,343965132,microsoft/ML-For-Beginners,https://github.com/microsoft/ML-For-Beginners,"12 weeks, 26 lessons, 52 quizzes, classic Machine Learning for all",85061,20509,9,Jupyter Notebook,2021-03-03T01:34:05Z,2026-04-08T21:00:46Z
2026-04-08T21:24:17.964797+00:00,145854284,geo-python/site,https://github.com/geo-python/site,"Course materials for the Geo-Python course at the University of Helsinki, Finland",267,366,9,Jupyter Notebook,2018-08-23T13:02:04Z,2026-02-19T11:48:02Z
2026-04-08T21:24:17.964797+00:00,357608229,ryusuke920/kyopro_educational_90_python,https://github.com/ryusuke920/kyopro_educational_90_python,E869120さんが作成して下さっている 2021/3/30 ～ 2021/7/12 に行われた企画「競プロ典型 90 問」をPythonで書いたコードをアップロードしています。 ,90,10,0,Python,2021-04-13T15:49:16Z,2026-02-24T13:11:09Z
2026-04-08T21:24:17.964797+00:00,20192341,swl10/pyslet,https://github.com/swl10/pyslet,Python for Standards in Learning Education & Training,76,31,29,Python,2014-05-26T16:37:45Z,2025-11-15T13:32:19Z
2026-04-08T21:24:17.964797+00:00,768394045,ANG13T/python-for-aerospace,https://github.com/ANG13T/python-for-aerospace,Notebook Companion for the Python for Aerospace Course 🐍🚀✨,229,106,2,Jupyter Notebook,2024-03-07T02:03:37Z,2026-04-07T13:34:04Z
2026-04-08T21:24:17.964797+00:00,122149160,earthlab/earthpy,https://github.com/earthlab/earthpy,A package built to support working with spatial data using open source python,534,165,44,Python,2018-02-20T03:02:42Z,2026-04-06T23:23:23Z
2026-04-08T21:24:17.964797+00:00,561730219,krahets/hello-algo,https://github.com/krahets/hello-algo,"《Hello 算法》：动画图解、一键运行的数据结构与算法教程。支持简中、繁中、English、日本語，提供 Python, Java, C++, C, C#, JS, Go, Swift, Rust, Ruby, Kotlin, TS, Dart 等代码实现",124936,15027,31,Java,2022-11-04T11:08:34Z,2026-04-08T19:28:03Z
2026-04-08T21:24:17.964797+00:00,30841308,AcademicsToday/academicstoday-django,https://github.com/AcademicsToday/academicstoday-django,A open-source platform for online course-based learning and education.,223,94,27,Python,2015-02-15T20:42:28Z,2026-03-13T20:09:30Z
2026-04-08T21:24:17.964797+00:00,779731800,hyugogirubato/KeyDive,https://github.com/hyugogirubato/KeyDive,"Extract Widevine L3 keys from Android devices effortlessly, spanning multiple Android versions for DRM research and education.",887,140,0,Python,2024-03-30T16:16:12Z,2026-04-08T20:37:29Z
2026-04-08T21:24:17.964797+00:00,228787396,hsayama/PyCX,https://github.com/hsayama/PyCX,PyCX is a Python-based sample code repository for complex systems research and education.,251,86,0,Python,2019-12-18T07:54:03Z,2026-03-29T19:11:50Z
2026-04-08T21:24:17.964797+00:00,116535984,chenguanyou/education,https://github.com/chenguanyou/education,🌶使用Python的web框架Django进行开发的一个在线教育系统！,35,12,2,Python,2018-01-07T04:02:21Z,2026-03-11T05:27:13Z
2026-04-08T21:24:17.964797+00:00,226863521,hedyorg/hedy,https://github.com/hedyorg/hedy,"Hedy is a gradual programming language to teach children programming. Gradual languages use different language levels, where each level adds new concepts and syntactic complexity. At the end of the Hedy level sequence, kids master a subset of syntactically valid Python.",1624,330,143,CSS,2019-12-09T12:15:29Z,2026-04-07T21:27:43Z
2026-04-08T21:24:17.964797+00:00,356854219,prathimacode-hub/Awesome_Python_Scripts,https://github.com/prathimacode-hub/Awesome_Python_Scripts,🚀 Curated collection of Awesome Python Scripts which will make you go wow. Dive into this world of 360+ scripts. Feel free to contribute. Show your support by ✨this repository.,403,268,60,Jupyter Notebook,2021-04-11T11:53:51Z,2026-04-08T16:50:01Z
2026-04-08T21:24:17.964797+00:00,42439862,gpiozero/gpiozero,https://github.com/gpiozero/gpiozero,A simple interface to GPIO devices with Raspberry Pi,2108,318,193,Python,2015-09-14T09:36:03Z,2026-04-03T23:31:11Z
2026-04-08T21:24:17.964797+00:00,95196793,YaoyaoBae/Feon,https://github.com/YaoyaoBae/Feon,"Feon is a python-based finite element analysis (FEA,FEM) framework for education and research purpose!",255,81,3,Python,2017-06-23T07:50:42Z,2026-03-22T18:15:23Z
2026-04-08T21:24:17.964797+00:00,416138360,bcalou/tp-python-doomsday-rule,https://github.com/bcalou/tp-python-doomsday-rule,For education purposes,0,37,13,Python,2021-10-12T01:17:24Z,2022-09-20T14:39:43Z
2026-04-08T21:24:17.964797+00:00,199736720,carpentries-incubator/geospatial-python,https://github.com/carpentries-incubator/geospatial-python,Introduction to Geospatial Raster and Vector Data with Python,159,57,4,,2019-07-30T22:31:22Z,2026-03-17T14:25:19Z
2026-04-08T21:24:17.964797+00:00,584317841,arun-arunisto/Python-Education,https://github.com/arun-arunisto/Python-Education,,17,9,0,Jupyter Notebook,2023-01-02T08:06:16Z,2026-03-11T07:33:27Z
2026-04-08T21:24:17.964797+00:00,917278000,marimo-team/learn,https://github.com/marimo-team/learn,📚 A curated collection of marimo notebooks for education.,302,43,34,Python,2025-01-15T17:29:37Z,2026-04-07T11:54:21Z
2026-04-08T21:24:17.964797+00:00,63787233,rmariano/Clean-code-in-Python,https://github.com/rmariano/Clean-code-in-Python,"Resources for the book Clean code in Python, and material for the talk at EuroPython 2016",161,33,13,Python,2016-07-20T14:17:05Z,2026-02-18T20:16:47Z
2026-04-08T21:24:17.964797+00:00,107487617,yhyu13/AlphaGOZero-python-tensorflow,https://github.com/yhyu13/AlphaGOZero-python-tensorflow,Congratulation to DeepMind! This is a reengineering implementation (on behalf of many other git repo in /support/) of DeepMind's Oct19th publication: [Mastering the Game of Go without Human Knowledge]. The supervised learning approach is more practical for individuals. (This repository has single purpose of education only),343,116,9,Python,2017-10-19T02:23:13Z,2026-03-16T03:26:26Z
2026-04-08T21:24:17.964797+00:00,764102710,bakrianoo/mini-rag,https://github.com/bakrianoo/mini-rag,An Educational Project (step by step) to teach how to build a production-ready app for RAG application.,567,226,5,Python,2024-02-27T13:39:48Z,2026-04-08T18:49:52Z
2026-04-08T21:24:17.964797+00:00,537207858,VK-Education-QA-Python/education-vk-python-2022,https://github.com/VK-Education-QA-Python/education-vk-python-2022,Test Automation on Python Course (VK education),12,13,0,Python,2022-09-15T21:11:49Z,2026-01-29T15:25:42Z
2026-04-08T21:24:17.964797+00:00,177093384,dmitryrubtsov/Python.Basic-course,https://github.com/dmitryrubtsov/Python.Basic-course,Education,3,14,0,Python,2019-03-22T07:35:37Z,2023-01-28T18:32:35Z
2026-04-08T21:24:17.964797+00:00,716439063,aicademyorg/AIcademy,https://github.com/aicademyorg/AIcademy,A friendly community offering free AI education.,309,33,0,TypeScript,2023-11-09T06:17:51Z,2026-02-21T05:07:38Z
2026-04-08T21:24:17.964797+00:00,12199716,livewires/python,https://github.com/livewires/python,Package for use with the LiveWires Python Course.,12,9,4,TeX,2013-08-18T18:31:33Z,2024-03-25T14:19:42Z
2026-04-08T21:24:17.964797+00:00,68294289,agilescientific/xlines,https://github.com/agilescientific/xlines,X lines of Python,117,59,0,Jupyter Notebook,2016-09-15T13:01:27Z,2026-02-09T12:19:39Z
2026-04-08T21:24:17.964797+00:00,262219112,Rishit-dagli/Python3-by-practice,https://github.com/Rishit-dagli/Python3-by-practice,A repo to learn Python programming,59,41,2,Jupyter Notebook,2020-05-08T03:36:15Z,2026-01-11T02:32:05Z
2026-04-08T21:24:17.964797+00:00,73851042,ucfopen/canvasapi,https://github.com/ucfopen/canvasapi,"Python API wrapper for Instructure's Canvas LMS. Easily manage courses, users, gradebooks, and more.",652,188,81,Python,2016-11-15T20:09:41Z,2026-04-07T14:17:15Z
2026-04-08T21:24:17.964797+00:00,162045773,alexdlaird/pyngrok,https://github.com/alexdlaird/pyngrok,A Python wrapper for ngrok,462,59,2,Python,2018-12-16T22:12:33Z,2026-04-01T14:45:01Z
2026-04-08T21:24:17.964797+00:00,186043715,MTrajK/coding-problems,https://github.com/MTrajK/coding-problems,Solutions for various coding/algorithmic problems and many useful resources for learning algorithms and data structures,3371,636,0,Python,2019-05-10T19:29:20Z,2026-04-07T18:53:27Z
2026-04-08T21:24:17.964797+00:00,372198304,Synthaze/EpyNN,https://github.com/Synthaze/EpyNN,Educational python for Neural Networks.,128,13,0,Python,2021-05-30T11:37:05Z,2024-09-19T15:56:40Z
2026-04-08T21:24:17.964797+00:00,336385657,microbit-foundation/python-editor-v3,https://github.com/microbit-foundation/python-editor-v3,Micro:bit Educational Foundation Python Editor V3,75,41,108,TypeScript,2021-02-05T20:48:16Z,2026-03-19T02:55:38Z
2026-04-08T21:24:17.964797+00:00,189982674,chatox/data-mining-course,https://github.com/chatox/data-mining-course,An undergraduate course on data mining.,68,30,0,Jupyter Notebook,2019-06-03T10:15:58Z,2026-03-01T22:02:27Z
2026-04-08T21:24:17.964797+00:00,973704726,n84d/SharpEducation,https://github.com/n84d/SharpEducation,How to build and test complete trading strategies in Python. Full code walkthroughs posted on the Sharp Research education page,51,10,1,Jupyter Notebook,2025-04-27T15:08:31Z,2026-04-07T00:11:31Z
2026-04-08T21:24:17.964797+00:00,199054276,invent-framework/invent,https://github.com/invent-framework/invent,Express yourself with code: a simple app framework in Python.,126,18,47,Python,2019-07-26T17:15:43Z,2026-04-08T05:30:40Z
2026-04-08T21:24:17.964797+00:00,363226569,DIG-Kaust/Seismology,https://github.com/DIG-Kaust/Seismology,Teaching material for ErSE 210 Seismology course,134,40,0,Jupyter Notebook,2021-04-30T18:29:11Z,2026-03-26T13:31:52Z
2026-04-08T21:24:17.964797+00:00,107120280,dltpdn/opencv-python_edu,https://github.com/dltpdn/opencv-python_edu,For education about Opencv-Python,26,7,1,Python,2017-10-16T11:48:14Z,2026-03-26T06:18:53Z
2026-04-08T21:24:17.964797+00:00,152965519,MindSetLib/MS-Education,https://github.com/MindSetLib/MS-Education,Usefull python code usage,20,7,0,Jupyter Notebook,2018-10-14T11:10:58Z,2025-04-21T07:57:00Z
2026-04-08T21:24:17.964797+00:00,867240346,gisbi-kim/nano-pgo,https://github.com/gisbi-kim/nano-pgo,"For an education purpose, from-scratch, single-file, python-only pose-graph optimization implementation",297,23,2,Python,2024-10-03T17:35:40Z,2026-03-26T04:51:28Z
2026-04-08T21:24:17.964797+00:00,557450291,pro1code1hack/Your-Journey-To-Fluent-Python,https://github.com/pro1code1hack/Your-Journey-To-Fluent-Python,Your Journey To Fluent Python,1206,89,18,Python,2022-10-25T17:59:21Z,2026-03-28T17:59:28Z
2026-04-08T21:24:17.964797+00:00,145931390,labplus-cn/mpython,https://github.com/labplus-cn/mpython,mpython掌控板文档和固件源码,138,59,5,C,2018-08-24T02:22:55Z,2026-03-21T16:44:09Z
2026-04-08T21:24:17.964797+00:00,124286364,Jflick58/TeachPythonWithMinecraft,https://github.com/Jflick58/TeachPythonWithMinecraft,Teaching Python programming and concepts using the Python Minecraft API for the Raspberry Pi version of Minecraft. ,57,33,1,Python,2018-03-07T19:48:34Z,2026-01-21T13:01:53Z
2026-04-08T21:24:17.964797+00:00,239355711,ankraft/ACME-oneM2M-CSE,https://github.com/ankraft/ACME-oneM2M-CSE,An open source CSE Middleware for Education.,30,22,1,Python,2020-02-09T18:47:58Z,2026-04-01T10:52:02Z
2026-04-08T21:24:17.964797+00:00,268670466,cpinitiative/usaco-guide,https://github.com/cpinitiative/usaco-guide,"A free collection of curated, high-quality resources to take you from Bronze to Platinum and beyond.",1790,621,85,MDX,2020-06-02T01:18:56Z,2026-04-07T20:37:07Z
2026-04-08T21:24:17.964797+00:00,122724141,hack4impact-uiuc/flask-exercise,https://github.com/hack4impact-uiuc/flask-exercise,"A hands on, step by step tutorial to learn flask/python",27,66,10,Python,2018-02-24T09:17:54Z,2025-12-09T13:24:40Z
2026-04-08T21:24:17.964797+00:00,325733352,benjie-git/CardStock,https://github.com/benjie-git/CardStock,"CardStock is a cross-platform tool for quickly and easily building programs. It provides a drawing-program-like editor for visually laying out your programs' parts, and a code editor for adding event-driven python code.",284,9,7,Python,2020-12-31T06:37:15Z,2026-03-28T02:27:50Z
2026-04-08T21:24:17.964797+00:00,282982863,replit/replit-py,https://github.com/replit/replit-py,A helpful Python package that helps you build excellent things inside Repls! 💻,183,70,2,Python,2020-07-27T18:30:21Z,2026-04-08T13:18:44Z
2026-04-08T21:24:17.964797+00:00,171972072,codepost-io/codepost-python,https://github.com/codepost-io/codepost-python,Provides a convenient Python interface to the codePost API. Start scripting!,59,6,12,Python,2019-02-22T01:22:06Z,2026-03-17T04:39:01Z
2026-04-08T21:24:17.964797+00:00,9817898,openeducat/openeducat_erp,https://github.com/openeducat/openeducat_erp,Comprehensive Open Source ERP for Educational Institutes,800,743,0,HTML,2013-05-02T17:02:54Z,2026-04-08T11:58:43Z
2026-04-08T21:24:17.964797+00:00,95708373,TEALSK12/2nd-semester-introduction-to-computer-science,https://github.com/TEALSK12/2nd-semester-introduction-to-computer-science,2nd semester Python follow-up to the TEALS Intro CS course,54,76,90,Python,2017-06-28T20:20:57Z,2025-12-04T09:49:01Z
2026-04-08T21:24:17.964797+00:00,22318160,jsommers/switchyard,https://github.com/jsommers/switchyard,Switchyard is a Python 3-based framework for building networked system software.,42,42,5,Python,2014-07-27T18:18:14Z,2026-03-18T19:22:36Z
2026-04-08T21:24:17.964797+00:00,219287525,sepandhaghighi/python-questions,https://github.com/sepandhaghighi/python-questions,نمونه سوال های برنامه نویسی پایتون,84,13,0,,2019-11-03T11:03:23Z,2026-02-06T12:03:39Z
2026-04-08T21:24:17.964797+00:00,595171518,FiammettaC/Chemical-Reaction-Engineering-in-Python,https://github.com/FiammettaC/Chemical-Reaction-Engineering-in-Python,"This repository contains a practical course designed for chemical engineers that want to learn how to solve exercises and program in Python. The course will cover various topics, such as basic Python syntax, data structures, solving ODEs, stoichiometry, data visualization and basic data analysis.",86,20,0,Jupyter Notebook,2023-01-30T14:47:31Z,2026-03-30T12:42:05Z
2026-04-08T21:24:17.964797+00:00,401467851,CHCAA-EDUX/Scientific-Computing-Workshop,https://github.com/CHCAA-EDUX/Scientific-Computing-Workshop,A three-day introduciton to scientific computing with Python.,8,29,10,Jupyter Notebook,2021-08-30T19:49:33Z,2023-11-15T09:33:27Z
2026-04-08T21:24:17.964797+00:00,338984146,frappe/lms,https://github.com/frappe/lms,"Easy to Use, 100% Open Source Learning Management System",2782,1213,67,Vue,2021-02-15T06:14:17Z,2026-04-08T14:40:56Z
2026-04-08T21:24:17.964797+00:00,105942605,tbhaxor/educational_projects,https://github.com/tbhaxor/educational_projects,A curated repository for minor and major projects alloted in schools and colleges,29,13,2,JavaScript,2017-10-05T21:31:59Z,2026-04-07T07:25:58Z
2026-04-08T21:24:17.964797+00:00,343737175,felipenmartins/Robotics-Simulation-Labs,https://github.com/felipenmartins/Robotics-Simulation-Labs,Set of tutorials to practice robotics concepts with Webots and Python,175,36,0,Python,2021-03-02T10:37:59Z,2026-03-29T07:35:58Z
2026-04-08T22:02:42.105156+00:00,63476337,TheAlgorithms/Python,https://github.com/TheAlgorithms/Python,All Algorithms implemented in Python,219413,50314,915,Python,2016-07-16T09:44:01Z,2026-04-08T21:37:48Z
2026-04-08T22:02:42.105156+00:00,38389012,charlax/python-education,https://github.com/charlax/python-education,Reading list for ramping up with professional Python,922,111,0,Python,2015-07-01T18:52:16Z,2026-04-05T08:03:27Z
2026-04-08T22:02:42.105156+00:00,5362372,grantjenks/free-python-games,https://github.com/grantjenks/free-python-games,Free Python Games,3953,1512,46,Python,2012-08-09T22:54:44Z,2026-04-08T04:09:10Z
2026-04-08T22:02:42.105156+00:00,65908245,quobit/awesome-python-in-education,https://github.com/quobit/awesome-python-in-education,A curated list about Python in Education :snake: :mortar_board:,904,156,0,,2016-08-17T13:06:16Z,2026-03-23T13:42:02Z
2026-04-08T22:02:42.105156+00:00,75435712,tecladocode/rest-apis-flask-python,https://github.com/tecladocode/rest-apis-flask-python,"Projects and e-book for our course, REST APIs with Flask and Python",1502,1534,6,Python,2016-12-02T22:26:17Z,2026-04-06T14:59:09Z
2026-04-08T22:02:42.105156+00:00,157509583,mahmoud/awesome-python-applications,https://github.com/mahmoud/awesome-python-applications,"💿 Free software that works great, and also happens to be open-source Python. ",17806,2730,54,Jupyter Notebook,2018-11-14T07:36:44Z,2026-04-08T20:45:37Z
2026-04-08T22:02:42.105156+00:00,116672811,Chalarangelo/30-seconds-of-python,https://github.com/Chalarangelo/30-seconds-of-python,Short Python code snippets for all your development needs,8836,1254,2,Python,2018-01-08T12:17:16Z,2026-04-05T16:26:07Z
2026-04-08T22:02:42.105156+00:00,825170168,kongruksiamza/ebook-for-education,https://github.com/kongruksiamza/ebook-for-education,แจกเอกสารประกอบการสอนเพื่อการศึกษา,737,208,0,,2024-07-07T02:10:06Z,2026-04-08T21:58:33Z
2026-04-08T22:02:42.105156+00:00,46810954,PlasmaPy/PlasmaPy,https://github.com/PlasmaPy/PlasmaPy,An open source Python package for plasma research and education,668,355,363,Python,2015-11-24T18:36:24Z,2026-04-07T19:03:21Z
2026-04-08T22:02:42.105156+00:00,40687563,oppia/oppia,https://github.com/oppia/oppia,"A free, online learning platform to make quality education accessible for all.",6649,5567,1683,Python,2015-08-14T00:16:14Z,2026-04-08T20:51:01Z
2026-04-08T22:02:42.105156+00:00,217901987,tough-dev-school/education-backend,https://github.com/tough-dev-school/education-backend,Django-based backend for our learning management system,466,79,22,Python,2019-10-27T19:01:23Z,2026-04-08T20:53:39Z
2026-04-08T22:02:42.105156+00:00,196753,PythonTurtle/PythonTurtle,https://github.com/PythonTurtle/PythonTurtle,"A learning environment for Python suited for beginners and children, inspired by Logo.",439,110,39,Python,2009-05-09T19:33:29Z,2026-03-22T02:14:31Z
2026-04-08T22:02:42.105156+00:00,89980809,wwj718/awesome-python-in-education-zh,https://github.com/wwj718/awesome-python-in-education-zh,Python在教育方面的资源列表,184,44,0,,2017-05-02T01:58:34Z,2026-04-01T01:04:30Z
2026-04-08T22:02:42.105156+00:00,47607357,mu-editor/mu,https://github.com/mu-editor/mu,"A small, simple editor for beginner Python programmers. Written in Python and Qt5.",1506,462,393,Python,2015-12-08T07:56:02Z,2026-04-04T16:38:02Z
2026-04-08T22:02:42.105156+00:00,231656051,alexmojaki/futurecoder,https://github.com/alexmojaki/futurecoder,100% free and interactive Python course for beginners,1477,170,72,Python,2020-01-03T19:59:26Z,2026-03-31T06:47:39Z
2026-04-08T22:02:42.105156+00:00,338637216,stypr/clubhouse-py,https://github.com/stypr/clubhouse-py,Clubhouse API written in Python. Standalone client included. For reference and education purposes only.,1657,282,0,Python,2021-02-13T18:08:16Z,2026-03-17T05:03:10Z
2026-04-08T22:02:42.105156+00:00,43696115,JetBrains/educational-plugin,https://github.com/JetBrains/educational-plugin,"Educational plugin to learn and teach programming languages such as Kotlin, Java, Python, JavaScript, and others right inside of JetBrains IntelliJ Platform based IDEs.",175,59,3,Kotlin,2015-10-05T15:54:52Z,2026-04-08T11:59:13Z
2026-04-08T22:02:42.105156+00:00,22622192,psi4/psi4numpy,https://github.com/psi4/psi4numpy,Combining Psi4 and Numpy for education and development.,389,170,20,Jupyter Notebook,2014-08-04T22:30:47Z,2026-04-07T19:46:49Z
2026-04-08T22:02:42.105156+00:00,293676504,psf/python-in-edu,https://github.com/psf/python-in-edu,website for educational python resources,44,31,44,Python,2020-09-08T02:08:18Z,2026-01-16T08:39:04Z
2026-04-08T22:02:42.105156+00:00,334947231,SudePehlivanoglu/python-education-v2,https://github.com/SudePehlivanoglu/python-education-v2,,0,162,0,,2021-02-01T12:45:15Z,2023-05-23T14:00:10Z
2026-04-08T22:02:42.105156+00:00,182763721,dmitryrubtsov/Python-for-Data-Science,https://github.com/dmitryrubtsov/Python-for-Data-Science,Education,8,30,0,Jupyter Notebook,2019-04-22T11:07:25Z,2023-01-28T18:10:20Z
2026-04-08T22:02:42.105156+00:00,544107755,ratnesh-maurya/Educational-Tech-Exploration,https://github.com/ratnesh-maurya/Educational-Tech-Exploration,"This repository is a treasure trove of educational resources designed to empower students and technology enthusiasts to embark on a journey of learning and discovery. Whether you're a novice eager to grasp the basics or an experienced explorer seeking to expand your knowledge, this repository offers a wide range of educational materials to help you",37,188,7,Java,2022-10-01T17:05:04Z,2025-12-09T04:50:05Z
2026-04-08T22:02:42.105156+00:00,98949964,cdeweyx/hitchhikers-guide-machine-learning,https://github.com/cdeweyx/hitchhikers-guide-machine-learning,Guide explaining and implementing fundamental machine learning algorithms in Python,173,108,2,Jupyter Notebook,2017-08-01T02:23:04Z,2026-03-30T20:55:50Z
2026-04-08T22:02:42.105156+00:00,163443345,jadijadi/educational_python_scripts,https://github.com/jadijadi/educational_python_scripts,Some small sctipts I use while teaching python,74,15,3,Python,2018-12-28T19:33:22Z,2026-03-26T07:47:34Z
2026-04-08T22:02:42.105156+00:00,201521670,MayankFawkes/Python-Botnet,https://github.com/MayankFawkes/Python-Botnet,This is a simple DDoS python botnet script with remote monitoring & management with backdoor built-in for education purposes.,298,64,7,Python,2019-08-09T18:33:21Z,2026-04-05T21:43:10Z
2026-04-08T22:02:42.105156+00:00,501055406,octallium/modern-python-101,https://github.com/octallium/modern-python-101,Modern Python 101 - Thinking In Types,335,148,1,Python,2022-06-08T01:14:48Z,2026-01-20T05:42:03Z
2026-04-08T22:02:42.105156+00:00,239715918,needleworm/bhban_rpa,https://github.com/needleworm/bhban_rpa,"<6개월 치 업무를 하루 만에 끝내는 업무 자동화(생능출판사, 2020)>의 예제 코드입니다. 파이썬을 한 번도 배워본 적 없는 분들을 위한 예제이며, 엑셀부터 디자인, 매크로, 크롤링까지 업무 자동화와 관련된 다양한 분야 예제가 제공됩니다.",1146,1129,2,Python,2020-02-11T08:49:41Z,2026-04-08T01:19:50Z
2026-04-08T22:02:42.105156+00:00,122837644,lordmauve/pgzero,https://github.com/lordmauve/pgzero,"A zero-boilerplate games programming framework for Python 3, based on Pygame.",601,208,134,Python,2018-02-25T13:16:02Z,2026-04-07T07:53:47Z
2026-04-08T22:02:42.105156+00:00,39996518,jarvisteach/appJar,https://github.com/jarvisteach/appJar,Simple Tkinter GUIs in Python,615,68,102,Python,2015-07-31T08:59:20Z,2026-04-06T12:26:09Z
2026-04-08T22:02:42.105156+00:00,1738251,ASPP/pelita,https://github.com/ASPP/pelita,Actor-based Toolkit for Interactive Language Education in Python,69,70,58,Python,2011-05-12T12:52:12Z,2026-03-30T15:59:25Z
2026-04-10T02:20:37.519331+00:00,63476337,TheAlgorithms/Python,https://github.com/TheAlgorithms/Python,All Algorithms implemented in Python,219459,50320,919,Python,2016-07-16T09:44:01Z,2026-04-10T01:55:11Z
2026-04-10T02:20:37.519331+00:00,38389012,charlax/python-education,https://github.com/charlax/python-education,Reading list for ramping up with professional Python,921,111,0,Python,2015-07-01T18:52:16Z,2026-04-09T07:33:46Z
2026-04-10T02:20:37.519331+00:00,5362372,grantjenks/free-python-games,https://github.com/grantjenks/free-python-games,Free Python Games,3954,1512,46,Python,2012-08-09T22:54:44Z,2026-04-09T04:20:48Z
2026-04-10T02:20:37.519331+00:00,65908245,quobit/awesome-python-in-education,https://github.com/quobit/awesome-python-in-education,A curated list about Python in Education :snake: :mortar_board:,904,157,0,,2016-08-17T13:06:16Z,2026-03-23T13:42:02Z
2026-04-10T02:20:37.519331+00:00,75435712,tecladocode/rest-apis-flask-python,https://github.com/tecladocode/rest-apis-flask-python,"Projects and e-book for our course, REST APIs with Flask and Python",1502,1534,6,Python,2016-12-02T22:26:17Z,2026-04-06T14:59:09Z
2026-04-10T02:20:37.519331+00:00,157509583,mahmoud/awesome-python-applications,https://github.com/mahmoud/awesome-python-applications,"💿 Free software that works great, and also happens to be open-source Python. ",17805,2730,55,Jupyter Notebook,2018-11-14T07:36:44Z,2026-04-09T10:34:15Z
2026-04-10T02:20:37.519331+00:00,116672811,Chalarangelo/30-seconds-of-python,https://github.com/Chalarangelo/30-seconds-of-python,Short Python code snippets for all your development needs,8837,1254,2,Python,2018-01-08T12:17:16Z,2026-04-09T06:38:35Z
2026-04-10T02:20:37.519331+00:00,825170168,kongruksiamza/ebook-for-education,https://github.com/kongruksiamza/ebook-for-education,แจกเอกสารประกอบการสอนเพื่อการศึกษา,737,208,0,,2024-07-07T02:10:06Z,2026-04-08T21:58:33Z
2026-04-10T02:20:37.519331+00:00,46810954,PlasmaPy/PlasmaPy,https://github.com/PlasmaPy/PlasmaPy,An open source Python package for plasma research and education,668,355,363,Python,2015-11-24T18:36:24Z,2026-04-07T19:03:21Z
2026-04-10T02:20:37.519331+00:00,40687563,oppia/oppia,https://github.com/oppia/oppia,"A free, online learning platform to make quality education accessible for all.",6652,5565,1675,Python,2015-08-14T00:16:14Z,2026-04-09T19:56:19Z
2026-04-10T02:20:37.519331+00:00,217901987,tough-dev-school/education-backend,https://github.com/tough-dev-school/education-backend,Django-based backend for our learning management system,466,79,22,Python,2019-10-27T19:01:23Z,2026-04-09T15:54:32Z
2026-04-10T02:20:37.519331+00:00,196753,PythonTurtle/PythonTurtle,https://github.com/PythonTurtle/PythonTurtle,"A learning environment for Python suited for beginners and children, inspired by Logo.",439,110,39,Python,2009-05-09T19:33:29Z,2026-03-22T02:14:31Z
2026-04-10T02:20:37.519331+00:00,89980809,wwj718/awesome-python-in-education-zh,https://github.com/wwj718/awesome-python-in-education-zh,Python在教育方面的资源列表,183,44,0,,2017-05-02T01:58:34Z,2026-04-09T06:42:17Z
2026-04-10T02:20:37.519331+00:00,47607357,mu-editor/mu,https://github.com/mu-editor/mu,"A small, simple editor for beginner Python programmers. Written in Python and Qt5.",1506,462,393,Python,2015-12-08T07:56:02Z,2026-04-04T16:38:02Z
2026-04-10T02:20:37.519331+00:00,231656051,alexmojaki/futurecoder,https://github.com/alexmojaki/futurecoder,100% free and interactive Python course for beginners,1478,170,72,Python,2020-01-03T19:59:26Z,2026-04-09T07:49:24Z
2026-04-10T02:20:37.519331+00:00,338637216,stypr/clubhouse-py,https://github.com/stypr/clubhouse-py,Clubhouse API written in Python. Standalone client included. For reference and education purposes only.,1657,282,0,Python,2021-02-13T18:08:16Z,2026-03-17T05:03:10Z
2026-04-10T02:20:37.519331+00:00,43696115,JetBrains/educational-plugin,https://github.com/JetBrains/educational-plugin,"Educational plugin to learn and teach programming languages such as Kotlin, Java, Python, JavaScript, and others right inside of JetBrains IntelliJ Platform based IDEs.",175,59,3,Kotlin,2015-10-05T15:54:52Z,2026-04-09T12:13:29Z
2026-04-10T02:20:37.519331+00:00,22622192,psi4/psi4numpy,https://github.com/psi4/psi4numpy,Combining Psi4 and Numpy for education and development.,389,170,20,Jupyter Notebook,2014-08-04T22:30:47Z,2026-04-07T19:46:49Z
2026-04-10T02:20:37.519331+00:00,293676504,psf/python-in-edu,https://github.com/psf/python-in-edu,website for educational python resources,44,31,44,Python,2020-09-08T02:08:18Z,2026-01-16T08:39:04Z
2026-04-10T02:20:37.519331+00:00,334947231,SudePehlivanoglu/python-education-v2,https://github.com/SudePehlivanoglu/python-education-v2,,0,162,0,,2021-02-01T12:45:15Z,2023-05-23T14:00:10Z
2026-04-10T02:20:37.519331+00:00,182763721,dmitryrubtsov/Python-for-Data-Science,https://github.com/dmitryrubtsov/Python-for-Data-Science,Education,8,30,0,Jupyter Notebook,2019-04-22T11:07:25Z,2023-01-28T18:10:20Z
2026-04-10T02:20:37.519331+00:00,544107755,ratnesh-maurya/Educational-Tech-Exploration,https://github.com/ratnesh-maurya/Educational-Tech-Exploration,"This repository is a treasure trove of educational resources designed to empower students and technology enthusiasts to embark on a journey of learning and discovery. Whether you're a novice eager to grasp the basics or an experienced explorer seeking to expand your knowledge, this repository offers a wide range of educational materials to help you",37,188,7,Java,2022-10-01T17:05:04Z,2025-12-09T04:50:05Z
2026-04-10T02:20:37.519331+00:00,98949964,cdeweyx/hitchhikers-guide-machine-learning,https://github.com/cdeweyx/hitchhikers-guide-machine-learning,Guide explaining and implementing fundamental machine learning algorithms in Python,173,108,2,Jupyter Notebook,2017-08-01T02:23:04Z,2026-03-30T20:55:50Z
2026-04-10T02:20:37.519331+00:00,201521670,MayankFawkes/Python-Botnet,https://github.com/MayankFawkes/Python-Botnet,This is a simple DDoS python botnet script with remote monitoring & management with backdoor built-in for education purposes.,298,64,7,Python,2019-08-09T18:33:21Z,2026-04-05T21:43:10Z
2026-04-10T02:20:37.519331+00:00,163443345,jadijadi/educational_python_scripts,https://github.com/jadijadi/educational_python_scripts,Some small sctipts I use while teaching python,74,15,3,Python,2018-12-28T19:33:22Z,2026-03-26T07:47:34Z
2026-04-10T02:20:37.519331+00:00,501055406,octallium/modern-python-101,https://github.com/octallium/modern-python-101,Modern Python 101 - Thinking In Types,335,148,1,Python,2022-06-08T01:14:48Z,2026-01-20T05:42:03Z
2026-04-10T02:20:37.519331+00:00,239715918,needleworm/bhban_rpa,https://github.com/needleworm/bhban_rpa,"<6개월 치 업무를 하루 만에 끝내는 업무 자동화(생능출판사, 2020)>의 예제 코드입니다. 파이썬을 한 번도 배워본 적 없는 분들을 위한 예제이며, 엑셀부터 디자인, 매크로, 크롤링까지 업무 자동화와 관련된 다양한 분야 예제가 제공됩니다.",1146,1128,2,Python,2020-02-11T08:49:41Z,2026-04-08T01:19:50Z
2026-04-10T02:20:37.519331+00:00,122837644,lordmauve/pgzero,https://github.com/lordmauve/pgzero,"A zero-boilerplate games programming framework for Python 3, based on Pygame.",601,208,134,Python,2018-02-25T13:16:02Z,2026-04-07T07:53:47Z
2026-04-10T02:20:37.519331+00:00,39996518,jarvisteach/appJar,https://github.com/jarvisteach/appJar,Simple Tkinter GUIs in Python,615,68,102,Python,2015-07-31T08:59:20Z,2026-04-06T12:26:09Z
2026-04-10T02:20:37.519331+00:00,1738251,ASPP/pelita,https://github.com/ASPP/pelita,Actor-based Toolkit for Interactive Language Education in Python,69,70,58,Python,2011-05-12T12:52:12Z,2026-03-30T15:59:25Z
2026-04-10T02:20:37.519331+00:00,168937263,roberto-arista/PythonForDesigners,https://github.com/roberto-arista/PythonForDesigners,An introductory manual to Python3 and DrawBot built with Lektor,118,29,0,Python,2019-02-03T11:17:51Z,2026-03-29T14:40:20Z
2026-04-10T02:20:37.519331+00:00,1167201504,Brave88888/financial_education_app,https://github.com/Brave88888/financial_education_app,金融应用Python编程教学范例,38,33,3,Python,2026-02-26T03:29:38Z,2026-03-23T05:27:27Z
2026-04-10T02:20:37.519331+00:00,343965132,microsoft/ML-For-Beginners,https://github.com/microsoft/ML-For-Beginners,"12 weeks, 26 lessons, 52 quizzes, classic Machine Learning for all",85089,20519,9,Jupyter Notebook,2021-03-03T01:34:05Z,2026-04-10T00:40:46Z
2026-04-10T02:20:37.519331+00:00,145854284,geo-python/site,https://github.com/geo-python/site,"Course materials for the Geo-Python course at the University of Helsinki, Finland",267,366,9,Jupyter Notebook,2018-08-23T13:02:04Z,2026-02-19T11:48:02Z
2026-04-10T02:20:37.519331+00:00,357608229,ryusuke920/kyopro_educational_90_python,https://github.com/ryusuke920/kyopro_educational_90_python,E869120さんが作成して下さっている 2021/3/30 ～ 2021/7/12 に行われた企画「競プロ典型 90 問」をPythonで書いたコードをアップロードしています。 ,90,10,0,Python,2021-04-13T15:49:16Z,2026-02-24T13:11:09Z
2026-04-10T02:20:37.519331+00:00,20192341,swl10/pyslet,https://github.com/swl10/pyslet,Python for Standards in Learning Education & Training,76,31,29,Python,2014-05-26T16:37:45Z,2025-11-15T13:32:19Z
2026-04-10T02:20:37.519331+00:00,768394045,ANG13T/python-for-aerospace,https://github.com/ANG13T/python-for-aerospace,Notebook Companion for the Python for Aerospace Course 🐍🚀✨,230,106,2,Jupyter Notebook,2024-03-07T02:03:37Z,2026-04-09T03:58:23Z
2026-04-10T02:20:37.519331+00:00,122149160,earthlab/earthpy,https://github.com/earthlab/earthpy,A package built to support working with spatial data using open source python,535,165,44,Python,2018-02-20T03:02:42Z,2026-04-09T06:33:15Z
2026-04-10T02:20:37.519331+00:00,561730219,krahets/hello-algo,https://github.com/krahets/hello-algo,"《Hello 算法》：动画图解、一键运行的数据结构与算法教程。支持简中、繁中、English、日本語，提供 Python, Java, C++, C, C#, JS, Go, Swift, Rust, Ruby, Kotlin, TS, Dart 等代码实现",125018,15035,30,Java,2022-11-04T11:08:34Z,2026-04-10T02:18:35Z
2026-04-10T02:20:37.519331+00:00,30841308,AcademicsToday/academicstoday-django,https://github.com/AcademicsToday/academicstoday-django,A open-source platform for online course-based learning and education.,223,94,27,Python,2015-02-15T20:42:28Z,2026-03-13T20:09:30Z
2026-04-10T02:20:37.519331+00:00,779731800,hyugogirubato/KeyDive,https://github.com/hyugogirubato/KeyDive,"Extract Widevine L3 keys from Android devices effortlessly, spanning multiple Android versions for DRM research and education.",888,141,0,Python,2024-03-30T16:16:12Z,2026-04-09T17:36:05Z
2026-04-10T02:20:37.519331+00:00,228787396,hsayama/PyCX,https://github.com/hsayama/PyCX,PyCX is a Python-based sample code repository for complex systems research and education.,251,86,0,Python,2019-12-18T07:54:03Z,2026-03-29T19:11:50Z
2026-04-10T02:20:37.519331+00:00,116535984,chenguanyou/education,https://github.com/chenguanyou/education,🌶使用Python的web框架Django进行开发的一个在线教育系统！,35,12,2,Python,2018-01-07T04:02:21Z,2026-03-11T05:27:13Z
2026-04-10T02:20:37.519331+00:00,226863521,hedyorg/hedy,https://github.com/hedyorg/hedy,"Hedy is a gradual programming language to teach children programming. Gradual languages use different language levels, where each level adds new concepts and syntactic complexity. At the end of the Hedy level sequence, kids master a subset of syntactically valid Python.",1625,330,143,CSS,2019-12-09T12:15:29Z,2026-04-10T00:21:51Z
2026-04-10T02:20:37.519331+00:00,356854219,prathimacode-hub/Awesome_Python_Scripts,https://github.com/prathimacode-hub/Awesome_Python_Scripts,🚀 Curated collection of Awesome Python Scripts which will make you go wow. Dive into this world of 360+ scripts. Feel free to contribute. Show your support by ✨this repository.,403,268,60,Jupyter Notebook,2021-04-11T11:53:51Z,2026-04-08T16:50:01Z
2026-04-10T02:20:37.519331+00:00,42439862,gpiozero/gpiozero,https://github.com/gpiozero/gpiozero,A simple interface to GPIO devices with Raspberry Pi,2109,318,193,Python,2015-09-14T09:36:03Z,2026-04-09T20:17:11Z
2026-04-10T02:20:37.519331+00:00,95196793,YaoyaoBae/Feon,https://github.com/YaoyaoBae/Feon,"Feon is a python-based finite element analysis (FEA,FEM) framework for education and research purpose!",255,81,3,Python,2017-06-23T07:50:42Z,2026-03-22T18:15:23Z
2026-04-10T02:20:37.519331+00:00,416138360,bcalou/tp-python-doomsday-rule,https://github.com/bcalou/tp-python-doomsday-rule,For education purposes,0,37,13,Python,2021-10-12T01:17:24Z,2022-09-20T14:39:43Z
2026-04-10T02:20:37.519331+00:00,584317841,arun-arunisto/Python-Education,https://github.com/arun-arunisto/Python-Education,,17,9,0,Jupyter Notebook,2023-01-02T08:06:16Z,2026-03-11T07:33:27Z
2026-04-10T02:20:37.519331+00:00,199736720,carpentries-incubator/geospatial-python,https://github.com/carpentries-incubator/geospatial-python,Introduction to Geospatial Raster and Vector Data with Python,159,57,6,,2019-07-30T22:31:22Z,2026-03-17T14:25:19Z
2026-04-10T02:20:37.519331+00:00,917278000,marimo-team/learn,https://github.com/marimo-team/learn,📚 A curated collection of marimo notebooks for education.,303,44,34,Python,2025-01-15T17:29:37Z,2026-04-09T05:18:21Z
2026-04-10T02:20:37.519331+00:00,63787233,rmariano/Clean-code-in-Python,https://github.com/rmariano/Clean-code-in-Python,"Resources for the book Clean code in Python, and material for the talk at EuroPython 2016",161,33,13,Python,2016-07-20T14:17:05Z,2026-02-18T20:16:47Z
2026-04-10T02:20:37.519331+00:00,107487617,yhyu13/AlphaGOZero-python-tensorflow,https://github.com/yhyu13/AlphaGOZero-python-tensorflow,Congratulation to DeepMind! This is a reengineering implementation (on behalf of many other git repo in /support/) of DeepMind's Oct19th publication: [Mastering the Game of Go without Human Knowledge]. The supervised learning approach is more practical for individuals. (This repository has single purpose of education only),343,116,9,Python,2017-10-19T02:23:13Z,2026-03-16T03:26:26Z
2026-04-10T02:20:37.519331+00:00,764102710,bakrianoo/mini-rag,https://github.com/bakrianoo/mini-rag,An Educational Project (step by step) to teach how to build a production-ready app for RAG application.,571,229,5,Python,2024-02-27T13:39:48Z,2026-04-09T18:55:16Z
2026-04-10T02:20:37.519331+00:00,537207858,VK-Education-QA-Python/education-vk-python-2022,https://github.com/VK-Education-QA-Python/education-vk-python-2022,Test Automation on Python Course (VK education),12,13,0,Python,2022-09-15T21:11:49Z,2026-01-29T15:25:42Z
2026-04-10T02:20:37.519331+00:00,177093384,dmitryrubtsov/Python.Basic-course,https://github.com/dmitryrubtsov/Python.Basic-course,Education,3,14,0,Python,2019-03-22T07:35:37Z,2023-01-28T18:32:35Z
2026-04-10T02:20:37.519331+00:00,716439063,aicademyorg/AIcademy,https://github.com/aicademyorg/AIcademy,A friendly community offering free AI education.,309,33,0,TypeScript,2023-11-09T06:17:51Z,2026-02-21T05:07:38Z
2026-04-10T02:20:37.519331+00:00,12199716,livewires/python,https://github.com/livewires/python,Package for use with the LiveWires Python Course.,12,9,4,TeX,2013-08-18T18:31:33Z,2024-03-25T14:19:42Z
2026-04-10T02:20:37.519331+00:00,68294289,agilescientific/xlines,https://github.com/agilescientific/xlines,X lines of Python,117,59,0,Jupyter Notebook,2016-09-15T13:01:27Z,2026-02-09T12:19:39Z
2026-04-10T02:20:37.519331+00:00,262219112,Rishit-dagli/Python3-by-practice,https://github.com/Rishit-dagli/Python3-by-practice,A repo to learn Python programming,59,41,2,Jupyter Notebook,2020-05-08T03:36:15Z,2026-01-11T02:32:05Z
2026-04-10T02:20:37.519331+00:00,73851042,ucfopen/canvasapi,https://github.com/ucfopen/canvasapi,"Python API wrapper for Instructure's Canvas LMS. Easily manage courses, users, gradebooks, and more.",652,188,81,Python,2016-11-15T20:09:41Z,2026-04-07T14:17:15Z
2026-04-10T02:20:37.519331+00:00,186043715,MTrajK/coding-problems,https://github.com/MTrajK/coding-problems,Solutions for various coding/algorithmic problems and many useful resources for learning algorithms and data structures,3373,637,0,Python,2019-05-10T19:29:20Z,2026-04-09T14:10:56Z
2026-04-10T02:20:37.519331+00:00,372198304,Synthaze/EpyNN,https://github.com/Synthaze/EpyNN,Educational python for Neural Networks.,128,13,0,Python,2021-05-30T11:37:05Z,2024-09-19T15:56:40Z
2026-04-10T02:20:37.519331+00:00,162045773,alexdlaird/pyngrok,https://github.com/alexdlaird/pyngrok,A Python wrapper for ngrok,462,59,2,Python,2018-12-16T22:12:33Z,2026-04-01T14:45:01Z
2026-04-10T02:20:37.519331+00:00,336385657,microbit-foundation/python-editor-v3,https://github.com/microbit-foundation/python-editor-v3,Micro:bit Educational Foundation Python Editor V3,75,41,108,TypeScript,2021-02-05T20:48:16Z,2026-03-19T02:55:38Z
2026-04-10T02:20:37.519331+00:00,189982674,chatox/data-mining-course,https://github.com/chatox/data-mining-course,An undergraduate course on data mining.,68,30,0,Jupyter Notebook,2019-06-03T10:15:58Z,2026-03-01T22:02:27Z
2026-04-10T02:20:37.519331+00:00,973704726,n84d/SharpEducation,https://github.com/n84d/SharpEducation,How to build and test complete trading strategies in Python. Full code walkthroughs posted on the Sharp Research education page,51,10,1,Jupyter Notebook,2025-04-27T15:08:31Z,2026-04-07T00:11:31Z
2026-04-10T02:20:37.519331+00:00,199054276,invent-framework/invent,https://github.com/invent-framework/invent,Express yourself with code: a simple app framework in Python.,126,18,48,Python,2019-07-26T17:15:43Z,2026-04-09T09:15:08Z
2026-04-10T02:20:37.519331+00:00,363226569,DIG-Kaust/Seismology,https://github.com/DIG-Kaust/Seismology,Teaching material for ErSE 210 Seismology course,134,40,0,Jupyter Notebook,2021-04-30T18:29:11Z,2026-03-26T13:31:52Z
2026-04-10T02:20:37.519331+00:00,107120280,dltpdn/opencv-python_edu,https://github.com/dltpdn/opencv-python_edu,For education about Opencv-Python,26,7,1,Python,2017-10-16T11:48:14Z,2026-03-26T06:18:53Z
2026-04-10T02:20:37.519331+00:00,152965519,MindSetLib/MS-Education,https://github.com/MindSetLib/MS-Education,Usefull python code usage,20,7,0,Jupyter Notebook,2018-10-14T11:10:58Z,2025-04-21T07:57:00Z
2026-04-10T02:20:37.519331+00:00,867240346,gisbi-kim/nano-pgo,https://github.com/gisbi-kim/nano-pgo,"For an education purpose, from-scratch, single-file, python-only pose-graph optimization implementation",297,23,2,Python,2024-10-03T17:35:40Z,2026-03-26T04:51:28Z
2026-04-10T02:20:37.519331+00:00,557450291,pro1code1hack/Your-Journey-To-Fluent-Python,https://github.com/pro1code1hack/Your-Journey-To-Fluent-Python,Your Journey To Fluent Python,1206,89,18,Python,2022-10-25T17:59:21Z,2026-03-28T17:59:28Z
2026-04-10T02:20:37.519331+00:00,145931390,labplus-cn/mpython,https://github.com/labplus-cn/mpython,mpython掌控板文档和固件源码,138,59,5,C,2018-08-24T02:22:55Z,2026-03-21T16:44:09Z
2026-04-10T02:20:37.519331+00:00,124286364,Jflick58/TeachPythonWithMinecraft,https://github.com/Jflick58/TeachPythonWithMinecraft,Teaching Python programming and concepts using the Python Minecraft API for the Raspberry Pi version of Minecraft. ,57,33,1,Python,2018-03-07T19:48:34Z,2026-01-21T13:01:53Z
2026-04-10T02:20:37.519331+00:00,239355711,ankraft/ACME-oneM2M-CSE,https://github.com/ankraft/ACME-oneM2M-CSE,An open source CSE Middleware for Education.,30,22,1,Python,2020-02-09T18:47:58Z,2026-04-01T10:52:02Z
2026-04-10T02:20:37.519331+00:00,122724141,hack4impact-uiuc/flask-exercise,https://github.com/hack4impact-uiuc/flask-exercise,"A hands on, step by step tutorial to learn flask/python",27,66,10,Python,2018-02-24T09:17:54Z,2025-12-09T13:24:40Z
2026-04-10T02:20:37.519331+00:00,325733352,benjie-git/CardStock,https://github.com/benjie-git/CardStock,"CardStock is a cross-platform tool for quickly and easily building programs. It provides a drawing-program-like editor for visually laying out your programs' parts, and a code editor for adding event-driven python code.",284,9,7,Python,2020-12-31T06:37:15Z,2026-03-28T02:27:50Z
2026-04-10T02:20:37.519331+00:00,268670466,cpinitiative/usaco-guide,https://github.com/cpinitiative/usaco-guide,"A free collection of curated, high-quality resources to take you from Bronze to Platinum and beyond.",1790,622,85,MDX,2020-06-02T01:18:56Z,2026-04-10T01:52:25Z
2026-04-10T02:20:37.519331+00:00,282982863,replit/replit-py,https://github.com/replit/replit-py,A helpful Python package that helps you build excellent things inside Repls! 💻,183,70,2,Python,2020-07-27T18:30:21Z,2026-04-08T13:18:44Z
2026-04-10T02:20:37.519331+00:00,171972072,codepost-io/codepost-python,https://github.com/codepost-io/codepost-python,Provides a convenient Python interface to the codePost API. Start scripting!,59,6,12,Python,2019-02-22T01:22:06Z,2026-03-17T04:39:01Z
2026-04-10T02:20:37.519331+00:00,95708373,TEALSK12/2nd-semester-introduction-to-computer-science,https://github.com/TEALSK12/2nd-semester-introduction-to-computer-science,2nd semester Python follow-up to the TEALS Intro CS course,54,76,90,Python,2017-06-28T20:20:57Z,2025-12-04T09:49:01Z
2026-04-10T02:20:37.519331+00:00,9817898,openeducat/openeducat_erp,https://github.com/openeducat/openeducat_erp,Comprehensive Open Source ERP for Educational Institutes,800,744,0,HTML,2013-05-02T17:02:54Z,2026-04-08T11:58:43Z
2026-04-10T02:20:37.519331+00:00,22318160,jsommers/switchyard,https://github.com/jsommers/switchyard,Switchyard is a Python 3-based framework for building networked system software.,42,42,5,Python,2014-07-27T18:18:14Z,2026-03-18T19:22:36Z
2026-04-10T02:20:37.519331+00:00,219287525,sepandhaghighi/python-questions,https://github.com/sepandhaghighi/python-questions,نمونه سوال های برنامه نویسی پایتون,84,13,0,,2019-11-03T11:03:23Z,2026-02-06T12:03:39Z
2026-04-10T02:20:37.519331+00:00,595171518,FiammettaC/Chemical-Reaction-Engineering-in-Python,https://github.com/FiammettaC/Chemical-Reaction-Engineering-in-Python,"This repository contains a practical course designed for chemical engineers that want to learn how to solve exercises and program in Python. The course will cover various topics, such as basic Python syntax, data structures, solving ODEs, stoichiometry, data visualization and basic data analysis.",86,20,0,Jupyter Notebook,2023-01-30T14:47:31Z,2026-03-30T12:42:05Z
2026-04-10T02:20:37.519331+00:00,401467851,CHCAA-EDUX/Scientific-Computing-Workshop,https://github.com/CHCAA-EDUX/Scientific-Computing-Workshop,A three-day introduciton to scientific computing with Python.,8,29,10,Jupyter Notebook,2021-08-30T19:49:33Z,2023-11-15T09:33:27Z
2026-04-10T02:20:37.519331+00:00,338984146,frappe/lms,https://github.com/frappe/lms,"Easy to Use, 100% Open Source Learning Management System",2782,1216,66,Vue,2021-02-15T06:14:17Z,2026-04-10T00:05:05Z
2026-04-10T02:20:37.519331+00:00,105942605,tbhaxor/educational_projects,https://github.com/tbhaxor/educational_projects,A curated repository for minor and major projects alloted in schools and colleges,29,13,2,JavaScript,2017-10-05T21:31:59Z,2026-04-07T07:25:58Z
2026-04-10T02:20:37.519331+00:00,343737175,felipenmartins/Robotics-Simulation-Labs,https://github.com/felipenmartins/Robotics-Simulation-Labs,Set of tutorials to practice robotics concepts with Webots and Python,175,36,0,Python,2021-03-02T10:37:59Z,2026-03-29T07:35:58Z
2026-04-10T02:38:53.350131+00:00,71154529,lawlite19/MachineLearning_Python,https://github.com/lawlite19/MachineLearning_Python,机器学习算法python实现,8441,2518,10,Python,2016-10-17T15:44:59Z,2026-04-10T00:45:49Z
2026-04-10T02:38:53.350131+00:00,40380094,rasbt/python-machine-learning-book,https://github.com/rasbt/python-machine-learning-book,"The ""Python Machine Learning (1st edition)""  book code repository and info resource",12603,4394,13,Jupyter Notebook,2015-08-07T20:39:29Z,2026-04-09T07:47:31Z
2026-04-10T02:38:53.350131+00:00,145148726,Azure/MachineLearningNotebooks,https://github.com/Azure/MachineLearningNotebooks,Python notebooks with ML and deep learning examples with Azure Machine Learning Python SDK | Microsoft,4377,2576,399,Jupyter Notebook,2018-08-17T17:29:14Z,2026-04-08T20:00:19Z
2026-04-10T02:38:53.350131+00:00,92491922,susanli2016/Machine-Learning-with-Python,https://github.com/susanli2016/Machine-Learning-with-Python,Python code for common Machine Learning Algorithms,4566,4789,49,Jupyter Notebook,2017-05-26T08:55:48Z,2026-04-07T03:25:16Z
2026-04-10T02:38:53.350131+00:00,843222,scikit-learn/scikit-learn,https://github.com/scikit-learn/scikit-learn,scikit-learn: machine learning in Python,65749,26919,2044,Python,2010-08-17T09:43:38Z,2026-04-10T02:13:06Z
2026-04-10T02:38:53.350131+00:00,155662306,trekhleb/homemade-machine-learning,https://github.com/trekhleb/homemade-machine-learning,🤖 Python examples of popular machine learning algorithms with interactive Jupyter demos and math being explained,24466,4172,29,Jupyter Notebook,2018-11-01T04:34:19Z,2026-04-10T02:32:31Z
2026-04-10T02:38:53.350131+00:00,97429942,tirthajyoti/Machine-Learning-with-Python,https://github.com/tirthajyoti/Machine-Learning-with-Python,Practice and tutorial-style notebooks  covering wide variety of machine learning techniques,3308,1839,9,Jupyter Notebook,2017-07-17T03:06:13Z,2026-04-05T15:23:09Z
2026-04-10T02:38:53.350131+00:00,22489033,lazyprogrammer/machine_learning_examples,https://github.com/lazyprogrammer/machine_learning_examples,A collection of machine learning examples and tutorials.,8855,6437,33,Python,2014-07-31T23:40:45Z,2026-04-09T19:10:18Z
2026-04-10T02:38:53.350131+00:00,86140645,Jack-Cherish/Machine-Learning,https://github.com/Jack-Cherish/Machine-Learning,:zap:机器学习实战（Python3）：kNN、决策树、贝叶斯、逻辑回归、SVM、线性回归、树回归,10274,5103,7,Python,2017-03-25T07:32:37Z,2026-04-09T11:21:23Z
2026-04-10T02:38:53.350131+00:00,170777132,instillai/machine-learning-course,https://github.com/instillai/machine-learning-course,:speech_balloon: Machine Learning Course with Python: ,7048,1242,1,Python,2019-02-15T00:23:19Z,2026-04-06T12:05:22Z
2026-04-10T02:38:53.350131+00:00,81413897,rasbt/python-machine-learning-book-2nd-edition,https://github.com/rasbt/python-machine-learning-book-2nd-edition,"The ""Python Machine Learning (2nd edition)"" book code repository and info resource",7206,2806,32,Jupyter Notebook,2017-02-09T05:45:15Z,2026-04-08T05:01:33Z
2026-04-10T02:38:53.350131+00:00,98725685,dipanjanS/practical-machine-learning-with-python,https://github.com/dipanjanS/practical-machine-learning-with-python,Master the essential skills needed to recognize and solve complex real-world problems with Machine Learning and Deep Learning by leveraging the highly popular Python Machine Learning Eco-system.,2376,1655,21,Jupyter Notebook,2017-07-29T10:31:36Z,2026-04-08T21:04:54Z
2026-04-10T02:38:53.350131+00:00,45717250,tensorflow/tensorflow,https://github.com/tensorflow/tensorflow,An Open Source Machine Learning Framework for Everyone,194619,75262,4277,C++,2015-11-07T01:19:20Z,2026-04-10T02:18:05Z
2026-04-10T02:38:53.350131+00:00,190687137,rasbt/python-machine-learning-book-3rd-edition,https://github.com/rasbt/python-machine-learning-book-3rd-edition,"The ""Python Machine Learning (3rd edition)"" book code repository",5011,2068,28,Jupyter Notebook,2019-06-07T04:19:59Z,2026-04-09T22:35:43Z
2026-04-10T02:38:53.350131+00:00,122043796,zotroneneis/machine_learning_basics,https://github.com/zotroneneis/machine_learning_basics,Plain python implementations of basic machine learning algorithms,4414,837,0,Jupyter Notebook,2018-02-19T09:55:58Z,2026-04-09T15:39:01Z
2026-04-10T02:38:53.350131+00:00,13086750,luispedro/BuildingMachineLearningSystemsWithPython,https://github.com/luispedro/BuildingMachineLearningSystemsWithPython,Source Code for the book Building Machine Learning Systems with Python,2131,1416,3,Python,2013-09-25T07:10:26Z,2026-04-07T13:51:25Z
2026-04-10T02:38:53.350131+00:00,81703646,robertmartin8/MachineLearningStocks,https://github.com/robertmartin8/MachineLearningStocks,Using python and scikit-learn to make stock predictions,1938,537,18,Python,2017-02-12T04:50:44Z,2026-04-07T17:26:42Z
2026-04-10T02:38:53.350131+00:00,31186658,dive-into-machine-learning/dive-into-machine-learning,https://github.com/dive-into-machine-learning/dive-into-machine-learning,"Free ways to dive into machine learning with Python and Jupyter Notebook. Notebooks, courses, and other links. (First posted in 2016.)",11399,1878,0,,2015-02-22T23:48:16Z,2026-04-09T22:51:35Z
2026-04-10T02:38:53.350131+00:00,183729552,Tanu-N-Prabhu/Python,https://github.com/Tanu-N-Prabhu/Python,This repository helps you learn Python and Machine Learning from scratch.,2108,910,9,Jupyter Notebook,2019-04-27T04:49:56Z,2026-04-10T02:05:08Z
2026-04-10T02:38:53.350131+00:00,326174741,ashishpatel26/500-AI-Machine-learning-Deep-learning-Computer-vision-NLP-Projects-with-code,https://github.com/ashishpatel26/500-AI-Machine-learning-Deep-learning-Computer-vision-NLP-Projects-with-code,500 AI Machine learning Deep learning Computer vision NLP Projects with code,32753,7025,62,,2021-01-02T12:08:37Z,2026-04-10T02:23:01Z
2026-04-10T02:38:53.350131+00:00,163349479,wzy6642/Machine-Learning-in-Action-Python3,https://github.com/wzy6642/Machine-Learning-in-Action-Python3,《机器学习实战》的python3源码,1342,481,10,HTML,2018-12-28T00:59:52Z,2026-04-08T13:46:36Z
2026-04-10T02:38:53.350131+00:00,184701688,firmai/industry-machine-learning,https://github.com/firmai/industry-machine-learning,A curated list of applied machine learning and data science notebooks and libraries across different industries (by @firmai),7462,1249,2,Jupyter Notebook,2019-05-03T05:08:15Z,2026-04-08T08:48:27Z
2026-04-10T02:38:53.350131+00:00,129083883,Mryangkaitong/python-Machine-learning,https://github.com/Mryangkaitong/python-Machine-learning,机器学习算法项目,1018,345,1,Jupyter Notebook,2018-04-11T11:35:37Z,2026-04-09T03:33:15Z
2026-04-10T02:38:53.350131+00:00,504209946,greyhatguy007/Machine-Learning-Specialization-Coursera,https://github.com/greyhatguy007/Machine-Learning-Specialization-Coursera, Contains Solutions and Notes for the Machine Learning Specialization By Stanford University and Deeplearning.ai - Coursera (2022) by Prof. Andrew NG,7248,3624,22,Jupyter Notebook,2022-06-16T15:31:02Z,2026-04-09T23:17:22Z
2026-04-10T02:38:53.350131+00:00,337088242,Devtown-India/Python-and-Machine-Learning,https://github.com/Devtown-India/Python-and-Machine-Learning,6th Feb 2021,513,608,6,Jupyter Notebook,2021-02-08T13:39:32Z,2026-03-18T05:51:11Z
2026-04-10T02:38:53.350131+00:00,56994901,JerryKurata/MachineLearningWithPython,https://github.com/JerryKurata/MachineLearningWithPython,Starter files for Pluralsight course: Understanding Machine Learning with Python,259,387,6,Jupyter Notebook,2016-04-24T21:20:10Z,2026-03-17T17:16:36Z
2026-04-10T02:38:53.350131+00:00,48062442,JWarmenhoven/Coursera-Machine-Learning,https://github.com/JWarmenhoven/Coursera-Machine-Learning,Coursera Machine Learning - Python code,859,531,6,Jupyter Notebook,2015-12-15T18:50:37Z,2026-04-07T04:24:58Z
2026-04-10T02:38:53.350131+00:00,330914717,ivy-llc/ivy,https://github.com/ivy-llc/ivy,Convert Machine Learning Code Between Frameworks,14207,5523,984,Python,2021-01-19T08:37:25Z,2026-04-09T18:29:24Z
2026-04-10T02:38:53.350131+00:00,39610055,ethen8181/machine-learning,https://github.com/ethen8181/machine-learning,:earth_americas: machine learning tutorials (mainly in Python3) ,3441,669,6,HTML,2015-07-24T03:35:49Z,2026-04-05T10:14:14Z
2026-04-10T02:38:53.350131+00:00,30730072,rhiever/Data-Analysis-and-Machine-Learning-Projects,https://github.com/rhiever/Data-Analysis-and-Machine-Learning-Projects,"Repository of teaching materials, code, and data for my data analysis and machine learning projects.",6668,2106,14,Jupyter Notebook,2015-02-12T23:03:58Z,2026-04-09T13:56:24Z
2026-04-10T02:38:53.350131+00:00,61441709,tdpetrou/Machine-Learning-Books-With-Python,https://github.com/tdpetrou/Machine-Learning-Books-With-Python,"Chapter by Chapter notes, exercises and code for a variety of machine learning books using Python",944,578,0,Jupyter Notebook,2016-06-18T16:10:42Z,2026-04-04T19:55:39Z
2026-04-10T02:38:53.350131+00:00,317029148,lukasmasuch/best-of-ml-python,https://github.com/lukasmasuch/best-of-ml-python,🏆 A ranked list of awesome machine learning Python libraries. Updated weekly.,23398,3117,40,,2020-11-29T19:41:36Z,2026-04-09T20:59:43Z
2026-04-10T02:38:53.350131+00:00,99881209,dformoso/machine-learning-mindmap,https://github.com/dformoso/machine-learning-mindmap,"A mindmap summarising Machine Learning concepts, from Data Analysis to Deep Learning.",6257,1013,5,,2017-08-10T04:29:24Z,2026-04-09T10:33:34Z
2026-04-10T02:38:53.350131+00:00,211270121,MachineLearnia/Python-Machine-Learning,https://github.com/MachineLearnia/Python-Machine-Learning,Tous les codes utilisés dans la série YouTube Python Spécial Machine Learning !,436,377,4,Jupyter Notebook,2019-09-27T08:16:16Z,2026-04-10T00:05:07Z
2026-04-10T02:38:53.350131+00:00,503899976,4GeeksAcademy/machine-learning-python-template,https://github.com/4GeeksAcademy/machine-learning-python-template,Very simple template to work on machine learning projects with Python,36,1512,6,Jupyter Notebook,2022-06-15T19:40:09Z,2026-03-26T21:41:24Z
2026-04-10T02:38:53.350131+00:00,58384893,Thinkgamer/Machine-Learning-With-Python,https://github.com/Thinkgamer/Machine-Learning-With-Python,此项目是我在学习《机器学习实战》这本书时的代码记录情况，用python实现，当然也会包括一些其他的机器学习算法，使用Python实现,701,390,0,TSQL,2016-05-09T14:54:08Z,2026-03-31T13:08:40Z
2026-04-10T02:38:53.350131+00:00,165080372,SmallVagetable/machine_learning_python,https://github.com/SmallVagetable/machine_learning_python,通过阅读网上的资料代码，进行自我加工，努力实现常用的机器学习算法。实现算法有KNN、Kmeans、EM、Perceptron、决策树、逻辑回归、svm、adaboost、朴素贝叶斯,736,268,4,Python,2019-01-10T15:07:46Z,2026-02-22T03:55:03Z
2026-04-10T02:38:53.350131+00:00,59957955,amueller/introduction_to_ml_with_python,https://github.com/amueller/introduction_to_ml_with_python,"Notebooks and code for the book ""Introduction to Machine Learning with Python""",8067,4706,28,Jupyter Notebook,2016-05-29T18:29:47Z,2026-04-09T08:48:50Z
2026-04-10T02:38:53.350131+00:00,43759462,ujjwalkarn/DataSciencePython,https://github.com/ujjwalkarn/DataSciencePython,common data analysis and machine learning tasks using python,5747,1535,13,Python,2015-10-06T15:26:08Z,2026-04-09T14:56:09Z
2026-04-10T02:38:53.350131+00:00,408362543,jadijadi/machine_learning_with_python_jadi,https://github.com/jadijadi/machine_learning_with_python_jadi,The notebooks we use on ML course,1085,397,9,Jupyter Notebook,2021-09-20T08:19:48Z,2026-04-07T20:24:22Z
2026-04-10T02:38:53.350131+00:00,60766913,PacktPublishing/Python-Machine-Learning-Cookbook,https://github.com/PacktPublishing/Python-Machine-Learning-Cookbook,Code files for  Python-Machine-Learning-Cookbook,462,384,4,Python,2016-06-09T10:35:59Z,2026-04-07T19:15:52Z
2026-04-10T02:38:53.350131+00:00,45495679,EpistasisLab/tpot,https://github.com/EpistasisLab/tpot,A Python Automated Machine Learning tool that optimizes machine learning pipelines using genetic programming.,10043,1564,309,Jupyter Notebook,2015-11-03T21:08:40Z,2026-04-09T07:56:05Z
2026-04-10T02:38:53.350131+00:00,83286964,Yorko/mlcourse.ai,https://github.com/Yorko/mlcourse.ai,Open Machine Learning Course,10540,5719,1,Python,2017-02-27T08:32:20Z,2026-04-09T20:22:16Z
2026-04-10T02:38:53.350131+00:00,170454911,luwill/Machine_Learning_Code_Implementation,https://github.com/luwill/Machine_Learning_Code_Implementation,Mathematical derivation and pure Python code implementation of machine learning algorithms.,1550,588,0,Jupyter Notebook,2019-02-13T06:40:54Z,2026-04-04T01:24:57Z
2026-04-10T02:38:53.350131+00:00,65558310,neonwatty/machine-learning-refined,https://github.com/neonwatty/machine-learning-refined,"Master the fundamentals of machine learning, deep learning, and mathematical optimization by building key concepts and models from scratch using Python.",1899,636,1,Python,2016-08-12T14:13:30Z,2026-04-09T19:54:45Z
2026-04-10T02:38:53.350131+00:00,4641788,masinoa/machine_learning,https://github.com/masinoa/machine_learning,Python coded examples and documentation of machine learning algorithms.,608,344,1,Python,2012-06-12T19:17:17Z,2026-03-13T08:56:13Z
2026-04-10T02:38:53.350131+00:00,123592053,devAmoghS/Machine-Learning-with-Python,https://github.com/devAmoghS/Machine-Learning-with-Python,Small scale machine learning projects to understand the core concepts . Give a Star 🌟If it helps you. BONUS: Interview Bank coming up..!,1326,201,8,Python,2018-03-02T14:54:11Z,2026-04-04T10:20:36Z
2026-04-10T02:38:53.350131+00:00,97159209,TarrySingh/Artificial-Intelligence-Deep-Learning-Machine-Learning-Tutorials,https://github.com/TarrySingh/Artificial-Intelligence-Deep-Learning-Machine-Learning-Tutorials,"A comprehensive list of Deep Learning / Artificial Intelligence and Machine Learning tutorials - rapidly expanding into areas of AI/Deep Learning / Machine Vision / NLP and industry specific areas such as Climate / Energy, Automotives, Retail, Pharma, Medicine, Healthcare, Policy, Ethics and more.",3982,1642,157,Python,2017-07-13T19:46:01Z,2026-04-10T00:05:05Z
2026-04-10T02:38:53.350131+00:00,89471646,zhaozhiyong19890102/Python-Machine-Learning-Algorithm,https://github.com/zhaozhiyong19890102/Python-Machine-Learning-Algorithm,Python-Machine-Learning-Algorithm,391,314,7,Python,2017-04-26T11:07:23Z,2026-01-10T23:46:34Z
2026-04-10T02:38:53.350131+00:00,147058643,teddylee777/machine-learning,https://github.com/teddylee777/machine-learning,머신러닝 입문자 혹은 스터디를 준비하시는 분들에게 도움이 되고자 만든 repository입니다. (This repository is intented for helping whom are interested in machine learning study),2832,903,8,Jupyter Notebook,2018-09-02T05:55:25Z,2026-04-09T18:29:27Z
2026-04-10T02:38:53.350131+00:00,103243689,PacktPublishing/Python-Machine-Learning-Second-Edition,https://github.com/PacktPublishing/Python-Machine-Learning-Second-Edition,"Python Machine Learning - Second Edition, published by Packt",510,385,1,Jupyter Notebook,2017-09-12T08:28:28Z,2026-04-09T07:35:09Z
2026-04-10T02:38:53.350131+00:00,126004269,joanby/python-ml-course,https://github.com/joanby/python-ml-course,Curso de Introducción a Machine Learning con Python,834,1585,3,Jupyter Notebook,2018-03-20T11:02:45Z,2026-04-04T21:44:44Z
2026-04-10T02:38:53.350131+00:00,112259090,jbagnato/machine-learning,https://github.com/jbagnato/machine-learning,"Código Python, Jupyter Notebooks, archivos csv con ejemplos para los ejercicios del Blog aprendemachinelearning.com y del libro Aprende Machine Learning en Español",561,729,7,Jupyter Notebook,2017-11-27T23:03:32Z,2026-03-18T11:48:49Z
2026-04-10T02:38:53.350131+00:00,272700442,aswintechguy/Machine-Learning-Projects,https://github.com/aswintechguy/Machine-Learning-Projects,This repository contains mini projects in machine learning with notebook files,1268,678,6,Jupyter Notebook,2020-06-16T12:20:19Z,2026-04-09T08:48:44Z
2026-04-10T02:38:53.350131+00:00,410249461,Nyandwi/machine_learning_complete,https://github.com/Nyandwi/machine_learning_complete,"A comprehensive machine learning repository containing 30+ notebooks on different concepts, algorithms and techniques.",4997,840,2,Jupyter Notebook,2021-09-25T11:02:35Z,2026-04-08T20:18:33Z
2026-04-10T02:38:53.350131+00:00,167388434,online-ml/river,https://github.com/online-ml/river,🌊 Online machine learning in Python,5785,614,79,Python,2019-01-24T15:18:26Z,2026-04-09T23:09:12Z
2026-04-10T02:38:53.350131+00:00,311546800,ThinamXx/300Days__MachineLearningDeepLearning,https://github.com/ThinamXx/300Days__MachineLearningDeepLearning,I am sharing my Journey of 300DaysOfData in Machine Learning and Deep Learning.,584,170,0,,2020-11-10T04:38:31Z,2026-04-09T07:12:35Z
2026-04-10T02:38:53.350131+00:00,172895110,joanby/machinelearning-az,https://github.com/joanby/machinelearning-az,Repositorio del Curso de Machine Learning de la A a la Z con R y Python,506,3454,1,Jupyter Notebook,2019-02-27T10:34:25Z,2026-03-06T09:37:48Z
2026-04-10T02:38:53.350131+00:00,64380740,PacktPublishing/Python-Machine-Learning-Blueprints,https://github.com/PacktPublishing/Python-Machine-Learning-Blueprints,"Code repository for Python Machine Learning Blueprints, published by Packt ",358,231,2,Jupyter Notebook,2016-07-28T09:06:41Z,2025-05-12T12:58:19Z
2026-04-10T02:38:53.350131+00:00,139533418,Y1ran/Machine-Learning-in-Action-Python3,https://github.com/Y1ran/Machine-Learning-in-Action-Python3,Data&code for Machine-Learning-in-Action by Python3 | 《机器学习实战》数据与Python3源码:cat2:,416,221,1,Python,2018-07-03T05:37:28Z,2025-10-23T11:54:31Z
